Match_ID,Div,Season,Date,HomeTeam,AwayTeam,FTHG,FTAG,FTR
1,D2,2009,2010-04-04,Oberhausen,Kaiserslautern,2,1,H
2,D2,2009,2009-11-01,Munich 1860,Kaiserslautern,0,1,A
3,D2,2009,2009-10-04,Frankfurt FSV,Kaiserslautern,1,1,D
4,D2,2009,2010-02-21,Frankfurt FSV,Karlsruhe,2,1,H
5,D2,2009,2009-12-06,Ahlen,Karlsruhe,1,3,A
6,D2,2009,2010-04-03,Union Berlin,Karlsruhe,1,1,D
7,D2,2009,2009-08-14,Paderborn,Karlsruhe,2,0,H
8,D2,2009,2010-03-08,Bielefeld,Karlsruhe,0,1,A
9,D2,2009,2009-09-26,Kaiserslautern,Karlsruhe,2,0,H
10,D2,2009,2009-11-21,Hansa Rostock,Karlsruhe,2,1,H
11,D2,2009,2009-12-19,Greuther Furth,Karlsruhe,1,4,A
12,D2,2009,2010-04-16,Koblenz,Karlsruhe,2,2,D
13,D2,2009,2010-03-21,Oberhausen,Karlsruhe,1,0,H
14,D2,2009,2009-09-14,Cottbus,Karlsruhe,2,4,A
15,D2,2009,2010-05-02,Duisburg,Karlsruhe,0,1,A
16,D2,2009,2009-10-30,Fortuna Dusseldorf,Karlsruhe,1,0,H
17,D2,2009,2010-01-15,Aachen,Karlsruhe,3,1,H
18,D2,2009,2009-10-18,Augsburg,Karlsruhe,1,1,D
19,D2,2009,2010-02-05,St Pauli,Karlsruhe,2,1,H
20,D2,2009,2009-08-24,Munich 1860,Karlsruhe,1,3,A
21,D1,2009,2010-02-06,Bochum,Leverkusen,1,1,D
22,D1,2009,2009-11-22,Bayern Munich,Leverkusen,1,1,D
23,D1,2009,2010-05-08,M'gladbach,Leverkusen,1,1,D
24,D1,2009,2009-08-08,Mainz,Leverkusen,2,2,D
25,D1,2009,2009-10-17,Hamburg,Leverkusen,0,0,D
26,D1,2009,2010-04-17,Stuttgart,Leverkusen,2,1,H
27,D1,2009,2010-03-20,Dortmund,Leverkusen,3,0,H
28,D1,2009,2009-10-31,Schalke 04,Leverkusen,2,2,D
29,D1,2009,2009-08-22,Freiburg,Leverkusen,0,5,A
30,D1,2009,2010-02-21,Werder Bremen,Leverkusen,2,2,D
31,D1,2009,2009-12-11,Hertha,Leverkusen,2,2,D
32,D1,2009,2009-12-05,Hannover,Leverkusen,0,0,D
33,D1,2009,2010-04-03,Ein Frankfurt,Leverkusen,3,2,H
34,D1,2009,2009-09-12,Wolfsburg,Leverkusen,2,3,A
35,D1,2009,2010-01-24,Hoffenheim,Leverkusen,0,3,A
36,D1,2009,2009-09-26,FC Koln,Leverkusen,0,1,A
37,D1,2009,2010-03-07,Nurnberg,Leverkusen,3,2,H
38,D1,2009,2009-11-21,Wolfsburg,Nurnberg,2,3,A
39,D1,2009,2009-12-05,Dortmund,Nurnberg,4,0,H
40,D1,2009,2010-04-17,Freiburg,Nurnberg,2,1,H
41,D1,2009,2010-02-12,M'gladbach,Nurnberg,2,1,H
42,D1,2009,2009-10-03,Leverkusen,Nurnberg,4,0,H
43,D1,2009,2010-01-17,Schalke 04,Nurnberg,1,0,H
44,D1,2009,2010-02-27,Bochum,Nurnberg,0,0,D
45,D1,2009,2010-01-30,Hannover,Nurnberg,1,3,A
46,D1,2009,2009-08-29,Stuttgart,Nurnberg,0,0,D
47,D1,2009,2009-11-07,Mainz,Nurnberg,1,0,H
48,D1,2009,2010-05-01,Hamburg,Nurnberg,4,0,H
49,D1,2009,2009-09-19,Bayern Munich,Nurnberg,2,1,H
50,D1,2009,2009-10-24,Hoffenheim,Nurnberg,3,0,H
51,D1,2009,2009-12-20,FC Koln,Nurnberg,3,0,H
52,D1,2009,2009-08-15,Ein Frankfurt,Nurnberg,1,1,D
53,D1,2009,2010-03-27,Werder Bremen,Nurnberg,4,2,H
54,D1,2009,2010-03-13,Hertha,Nurnberg,1,2,A
55,D1,2009,2009-09-13,FC Koln,Schalke 04,1,2,A
56,D1,2009,2009-11-28,M'gladbach,Schalke 04,1,0,H
57,D1,2009,2009-11-07,Bayern Munich,Schalke 04,1,1,D
58,D1,2009,2010-02-06,Freiburg,Schalke 04,0,0,D
59,D1,2009,2009-08-08,Nurnberg,Schalke 04,1,2,A
60,D1,2009,2010-04-24,Hertha,Schalke 04,0,1,A
61,D1,2009,2009-12-12,Werder Bremen,Schalke 04,0,2,A
62,D1,2009,2010-05-08,Mainz,Schalke 04,0,0,D
63,D1,2009,2009-10-17,Stuttgart,Schalke 04,1,2,A
64,D1,2009,2010-03-21,Hamburg,Schalke 04,2,2,D
65,D1,2009,2010-01-23,Bochum,Schalke 04,2,2,D
66,D1,2009,2010-03-06,Ein Frankfurt,Schalke 04,1,4,A
67,D1,2009,2009-09-26,Dortmund,Schalke 04,0,1,A
68,D1,2009,2010-02-21,Wolfsburg,Schalke 04,2,1,H
69,D1,2009,2010-03-27,Leverkusen,Schalke 04,0,2,A
70,D1,2009,2009-08-21,Hoffenheim,Schalke 04,0,0,D
71,D1,2009,2010-04-10,Hannover,Schalke 04,4,2,H
72,D1,2009,2009-10-24,Hannover,Stuttgart,1,0,H
73,D1,2009,2010-04-10,Hertha,Stuttgart,0,1,A
74,D1,2009,2010-05-08,Hoffenheim,Stuttgart,1,1,D
75,D1,2009,2009-09-12,Hamburg,Stuttgart,3,1,H
76,D1,2009,2009-08-22,Dortmund,Stuttgart,1,1,D
77,D1,2009,2010-03-06,Werder Bremen,Stuttgart,2,2,D
78,D1,2009,2010-03-27,Bayern Munich,Stuttgart,1,2,A
79,D1,2009,2010-03-12,Schalke 04,Stuttgart,2,1,H
80,D1,2009,2010-04-23,Bochum,Stuttgart,0,2,A
81,D1,2009,2009-08-07,Wolfsburg,Stuttgart,2,0,H
82,D1,2009,2009-09-26,Ein Frankfurt,Stuttgart,0,3,A
83,D1,2009,2010-02-06,Nurnberg,Stuttgart,1,2,A
84,D1,2009,2010-02-20,FC Koln,Stuttgart,1,5,A
85,D1,2009,2009-11-07,M'gladbach,Stuttgart,0,0,D
86,D1,2009,2010-01-22,Freiburg,Stuttgart,0,1,A
87,D1,2009,2009-11-29,Leverkusen,Stuttgart,4,0,H
88,D1,2009,2009-12-13,Mainz,Stuttgart,1,1,D
89,D1,2009,2009-09-20,Leverkusen,Werder Bremen,0,0,D
90,D1,2009,2009-08-30,Hertha,Werder Bremen,2,3,A
91,D1,2009,2009-12-06,FC Koln,Werder Bremen,0,0,D
92,D1,2009,2010-02-27,Mainz,Werder Bremen,1,2,A
93,D1,2009,2010-02-13,Hannover,Werder Bremen,1,5,A
94,D1,2009,2010-03-14,Hoffenheim,Werder Bremen,0,1,A
95,D1,2009,2009-11-21,Freiburg,Werder Bremen,0,6,A
96,D1,2009,2010-04-03,Dortmund,Werder Bremen,2,1,H
97,D1,2009,2010-04-17,Wolfsburg,Werder Bremen,2,4,A
98,D1,2009,2010-05-01,Schalke 04,Werder Bremen,0,2,A
99,D1,2009,2009-10-04,Stuttgart,Werder Bremen,0,2,A
100,D1,2009,2009-08-15,Bayern Munich,Werder Bremen,1,1,D
101,D1,2009,2010-01-30,M'gladbach,Werder Bremen,4,3,H
102,D1,2009,2009-12-20,Hamburg,Werder Bremen,2,1,H
103,D1,2009,2009-10-31,Nurnberg,Werder Bremen,2,2,D
104,D1,2009,2009-10-25,Bochum,Werder Bremen,1,4,A
105,D1,2009,2010-01-16,Ein Frankfurt,Werder Bremen,1,0,H
106,D1,2009,2009-11-01,Ein Frankfurt,Bochum,2,1,H
107,D1,2009,2010-04-16,FC Koln,Bochum,2,0,H
108,D1,2009,2010-03-20,Werder Bremen,Bochum,3,2,H
109,D1,2009,2009-08-29,Leverkusen,Bochum,2,1,H
110,D1,2009,2010-01-30,Hertha,Bochum,0,0,D
111,D1,2009,2009-08-16,Schalke 04,Bochum,3,0,H
112,D1,2009,2009-12-05,Stuttgart,Bochum,1,1,D
113,D1,2009,2009-11-22,Hamburg,Bochum,0,1,A
114,D1,2009,2009-09-25,Nurnberg,Bochum,0,1,A
115,D1,2009,2009-10-18,Dortmund,Bochum,2,0,H
116,D1,2009,2010-02-20,Mainz,Bochum,0,0,D
117,D1,2009,2010-03-06,Wolfsburg,Bochum,4,1,H
118,D1,2009,2009-09-12,Hoffenheim,Bochum,3,0,H
119,D1,2009,2009-12-19,Hannover,Bochum,2,3,A
120,D1,2009,2010-05-01,Bayern Munich,Bochum,3,1,H
121,D1,2009,2010-04-03,Freiburg,Bochum,1,1,D
122,D1,2009,2010-01-16,M'gladbach,Bochum,1,2,A
123,D1,2009,2009-11-21,Schalke 04,Hannover,2,0,H
124,D1,2009,2010-02-20,Dortmund,Hannover,4,1,H
125,D1,2009,2009-12-12,M'gladbach,Hannover,5,3,H
126,D1,2009,2009-08-22,Nurnberg,Hannover,0,2,A
127,D1,2009,2010-02-06,Hoffenheim,Hannover,2,1,H
128,D1,2009,2010-04-17,Bayern Munich,Hannover,7,0,H
129,D1,2009,2009-10-17,Ein Frankfurt,Hannover,2,1,H
130,D1,2009,2009-09-13,Werder Bremen,Hannover,0,0,D
131,D1,2009,2010-05-08,Bochum,Hannover,0,3,A
132,D1,2009,2010-04-24,Leverkusen,Hannover,3,0,H
133,D1,2009,2010-03-20,Stuttgart,Hannover,2,0,H
134,D1,2009,2009-10-31,FC Koln,Hannover,0,1,A
135,D1,2009,2010-01-23,Mainz,Hannover,1,0,H
136,D1,2009,2010-04-04,Hamburg,Hannover,0,0,D
137,D1,2009,2009-09-26,Wolfsburg,Hannover,4,2,H
138,D1,2009,2009-08-08,Hertha,Hannover,1,0,H
139,D1,2009,2010-03-06,Freiburg,Hannover,1,2,A
140,D2,2009,2009-08-21,Union Berlin,Hansa Rostock,1,0,H
141,D2,2009,2010-02-05,Oberhausen,Hansa Rostock,2,1,H
142,D2,2009,2010-02-27,Greuther Furth,Hansa Rostock,1,0,H
143,D2,2009,2009-09-20,Augsburg,Hansa Rostock,5,2,H
144,D2,2009,2009-11-09,Aachen,Hansa Rostock,1,0,H
145,D2,2009,2010-04-23,Kaiserslautern,Hansa Rostock,0,1,A
146,D2,2009,2010-03-14,Paderborn,Hansa Rostock,2,2,D
147,D2,2009,2010-02-14,Koblenz,Hansa Rostock,0,0,D
148,D2,2009,2010-03-28,St Pauli,Hansa Rostock,2,0,H
149,D2,2009,2009-11-27,Frankfurt FSV,Hansa Rostock,0,1,A
150,D2,2009,2010-04-11,Karlsruhe,Hansa Rostock,2,1,H
151,D2,2009,2010-05-09,Fortuna Dusseldorf,Hansa Rostock,3,1,H
152,D2,2009,2009-08-10,Bielefeld,Hansa Rostock,3,1,H
153,D2,2009,2009-10-24,Duisburg,Hansa Rostock,3,1,H
154,D2,2009,2009-12-14,Cottbus,Hansa Rostock,0,0,D
155,D2,2009,2010-01-22,Munich 1860,Hansa Rostock,3,0,H
156,D2,2009,2009-10-04,Ahlen,Hansa Rostock,0,2,A
157,D1,2009,2010-05-01,Leverkusen,Hertha,1,1,D
158,D1,2009,2009-08-23,Bochum,Hertha,1,0,H
159,D1,2009,2010-03-21,Wolfsburg,Hertha,1,5,A
160,D1,2009,2010-04-03,FC Koln,Hertha,0,3,A
161,D1,2009,2009-10-30,Dortmund,Hertha,2,0,H
162,D1,2009,2009-09-12,Mainz,Hertha,2,1,H
163,D1,2009,2009-10-17,Nurnberg,Hertha,3,0,H
164,D1,2009,2010-03-06,Hamburg,Hertha,1,0,H
165,D1,2009,2010-02-21,Freiburg,Hertha,0,3,A
166,D1,2009,2010-02-05,Werder Bremen,Hertha,2,1,H
167,D1,2009,2009-12-19,Bayern Munich,Hertha,5,2,H
168,D1,2009,2009-12-06,Schalke 04,Hertha,2,0,H
169,D1,2009,2010-01-16,Hannover,Hertha,0,3,A
170,D1,2009,2009-09-27,Hoffenheim,Hertha,5,1,H
171,D1,2009,2009-08-16,M'gladbach,Hertha,2,1,H
172,D1,2009,2010-04-18,Ein Frankfurt,Hertha,2,2,D
173,D1,2009,2009-11-21,Stuttgart,Hertha,1,1,D
174,D1,2009,2009-09-26,Werder Bremen,Mainz,3,0,H
175,D1,2009,2010-03-20,Freiburg,Mainz,1,0,H
176,D1,2009,2009-08-15,Hannover,Mainz,1,1,D
177,D1,2009,2010-04-03,Nurnberg,Mainz,2,0,H
178,D1,2009,2009-08-28,M'gladbach,Mainz,2,0,H
179,D1,2009,2009-12-18,Schalke 04,Mainz,1,0,H
180,D1,2009,2010-01-16,Leverkusen,Mainz,4,2,H
181,D1,2009,2010-03-07,Hoffenheim,Mainz,0,1,A
182,D1,2009,2009-10-17,FC Koln,Mainz,1,0,H
183,D1,2009,2010-05-01,Stuttgart,Mainz,2,2,D
184,D1,2009,2010-02-13,Hertha,Mainz,1,1,D
185,D1,2009,2010-01-30,Bayern Munich,Mainz,3,0,H
186,D1,2009,2009-10-31,Wolfsburg,Mainz,3,3,D
187,D1,2009,2009-09-19,Bochum,Mainz,2,3,A
188,D1,2009,2010-04-17,Hamburg,Mainz,0,1,A
189,D1,2009,2009-12-05,Ein Frankfurt,Mainz,2,0,H
190,D1,2009,2009-11-21,Dortmund,Mainz,0,0,D
191,D2,2009,2010-01-17,Koblenz,Munich 1860,2,2,D
192,D2,2009,2009-11-20,Bielefeld,Munich 1860,0,1,A
193,D2,2009,2010-02-14,Greuther Furth,Munich 1860,1,2,A
194,D2,2009,2010-02-17,Karlsruhe,Munich 1860,2,0,H
195,D2,2009,2009-11-08,Cottbus,Munich 1860,1,0,H
196,D2,2009,2009-10-24,Frankfurt FSV,Munich 1860,3,2,H
197,D2,2009,2009-08-15,Hansa Rostock,Munich 1860,2,1,H
198,D2,2009,2010-03-29,Kaiserslautern,Munich 1860,4,0,H
199,D2,2009,2010-04-18,Fortuna Dusseldorf,Munich 1860,2,0,H
200,D2,2009,2010-05-02,Augsburg,Munich 1860,1,0,H
201,D2,2009,2010-02-26,Paderborn,Munich 1860,3,1,H
202,D2,2009,2009-12-06,Oberhausen,Munich 1860,0,1,A
203,D2,2009,2010-03-15,Duisburg,Munich 1860,0,1,A
204,D2,2009,2009-08-28,Ahlen,Munich 1860,0,0,D
205,D2,2009,2009-09-20,Aachen,Munich 1860,2,0,H
206,D2,2009,2009-10-04,St Pauli,Munich 1860,3,1,H
207,D2,2009,2009-12-20,Union Berlin,Munich 1860,1,1,D
208,D2,2009,2009-10-16,Oberhausen,St Pauli,1,3,A
209,D2,2009,2010-04-17,Union Berlin,St Pauli,2,1,H
210,D2,2009,2009-11-22,Augsburg,St Pauli,3,2,H
211,D2,2009,2009-08-17,Aachen,St Pauli,0,5,A
212,D2,2009,2010-04-05,Fortuna Dusseldorf,St Pauli,1,0,H
213,D2,2009,2009-09-13,Frankfurt FSV,St Pauli,2,3,A
214,D2,2009,2010-03-19,Cottbus,St Pauli,0,1,A
215,D2,2009,2010-01-16,Ahlen,St Pauli,0,2,A
216,D2,2009,2009-08-28,Karlsruhe,St Pauli,0,4,A
217,D2,2009,2009-09-26,Bielefeld,St Pauli,1,0,H
218,D2,2009,2010-05-02,Greuther Furth,St Pauli,1,4,A
219,D2,2009,2010-01-29,Duisburg,St Pauli,0,2,A
220,D2,2009,2009-12-05,Koblenz,St Pauli,1,5,A
221,D2,2009,2010-03-07,Munich 1860,St Pauli,2,1,H
222,D2,2009,2009-12-20,Paderborn,St Pauli,2,1,H
223,D2,2009,2010-02-22,Kaiserslautern,St Pauli,3,0,H
224,D2,2009,2009-11-02,Hansa Rostock,St Pauli,0,2,A
225,D1,2009,2010-01-29,Hamburg,Wolfsburg,1,1,D
226,D1,2009,2009-10-03,Bochum,Wolfsburg,1,1,D
227,D1,2009,2010-05-01,Dortmund,Wolfsburg,1,1,D
228,D1,2009,2009-09-18,Schalke 04,Wolfsburg,1,2,A
229,D1,2009,2010-03-27,Mainz,Wolfsburg,0,2,A
230,D1,2009,2010-02-13,Leverkusen,Wolfsburg,2,1,H
231,D1,2009,2009-11-07,Hoffenheim,Wolfsburg,1,2,A
232,D1,2009,2010-01-16,Stuttgart,Wolfsburg,3,1,H
233,D1,2009,2009-10-25,Hertha,Wolfsburg,0,0,D
234,D1,2009,2010-03-13,M'gladbach,Wolfsburg,0,4,A
235,D1,2009,2009-08-15,FC Koln,Wolfsburg,1,3,A
236,D1,2009,2009-12-19,Ein Frankfurt,Wolfsburg,2,2,D
237,D1,2009,2010-04-11,Nurnberg,Wolfsburg,0,2,A
238,D1,2009,2009-11-28,Werder Bremen,Wolfsburg,2,2,D
239,D1,2009,2010-04-25,Freiburg,Wolfsburg,1,0,H
240,D1,2009,2009-08-29,Bayern Munich,Wolfsburg,3,0,H
241,D1,2009,2010-02-28,Hannover,Wolfsburg,0,1,A
242,D1,2009,2009-12-04,Bayern Munich,M'gladbach,2,1,H
243,D1,2009,2010-02-19,Hoffenheim,M'gladbach,2,2,D
244,D1,2009,2010-03-06,Dortmund,M'gladbach,3,0,H
245,D1,2009,2009-08-09,Bochum,M'gladbach,3,3,D
246,D1,2009,2009-10-18,Wolfsburg,M'gladbach,2,1,H
247,D1,2009,2010-02-07,Mainz,M'gladbach,1,0,H
248,D1,2009,2010-04-03,Stuttgart,M'gladbach,2,1,H
249,D1,2009,2009-09-12,Nurnberg,M'gladbach,1,0,H
250,D1,2009,2009-10-31,Hamburg,M'gladbach,2,3,A
251,D1,2009,2009-09-27,Freiburg,M'gladbach,3,0,H
252,D1,2009,2010-05-01,Hannover,M'gladbach,6,1,H
253,D1,2009,2010-04-17,Schalke 04,M'gladbach,3,1,H
254,D1,2009,2009-08-23,Werder Bremen,M'gladbach,3,0,H
255,D1,2009,2009-12-19,Leverkusen,M'gladbach,3,2,H
256,D1,2009,2010-01-23,Hertha,M'gladbach,0,0,D
257,D1,2009,2009-11-21,Ein Frankfurt,M'gladbach,1,2,A
258,D1,2009,2010-03-19,FC Koln,M'gladbach,1,1,D
259,D2,2009,2009-11-07,Frankfurt FSV,Bielefeld,0,0,D
260,D2,2009,2010-01-18,Hansa Rostock,Bielefeld,1,1,D
261,D2,2009,2009-10-26,Paderborn,Bielefeld,0,2,A
262,D2,2009,2009-12-04,Fortuna Dusseldorf,Bielefeld,3,2,H
263,D2,2009,2009-11-30,Kaiserslautern,Bielefeld,1,0,H
264,D2,2009,2009-12-20,Oberhausen,Bielefeld,0,0,D
265,D2,2009,2010-03-12,Aachen,Bielefeld,2,1,H
266,D2,2009,2009-10-05,Karlsruhe,Bielefeld,0,1,A
267,D2,2009,2010-04-09,Munich 1860,Bielefeld,3,1,H
268,D2,2009,2009-09-18,Duisburg,Bielefeld,0,3,A
269,D2,2009,2010-05-02,Union Berlin,Bielefeld,3,0,H
270,D2,2009,2010-01-30,Augsburg,Bielefeld,3,1,H
271,D2,2009,2009-08-29,Greuther Furth,Bielefeld,2,4,A
272,D2,2009,2010-02-28,St Pauli,Bielefeld,0,1,A
273,D2,2009,2009-08-16,Koblenz,Bielefeld,3,2,H
274,D2,2009,2010-03-27,Cottbus,Bielefeld,4,1,H
275,D2,2009,2010-02-12,Ahlen,Bielefeld,0,1,A
276,D2,2009,2010-02-26,Frankfurt FSV,Cottbus,0,0,D
277,D2,2009,2009-10-25,St Pauli,Cottbus,1,1,D
278,D2,2009,2010-01-29,Greuther Furth,Cottbus,1,0,H
279,D2,2009,2010-04-04,Munich 1860,Cottbus,1,2,A
280,D2,2009,2009-09-18,Paderborn,Cottbus,5,1,H
281,D2,2009,2009-12-04,Union Berlin,Cottbus,1,1,D
282,D2,2009,2009-12-18,Ahlen,Cottbus,0,4,A
283,D2,2009,2010-04-18,Oberhausen,Cottbus,4,1,H
284,D2,2009,2010-01-17,Augsburg,Cottbus,3,1,H
285,D2,2009,2010-05-02,Hansa Rostock,Cottbus,0,0,D
286,D2,2009,2009-10-31,Bielefeld,Cottbus,2,0,H
287,D2,2009,2009-11-20,Fortuna Dusseldorf,Cottbus,2,1,H
288,D2,2009,2009-08-14,Duisburg,Cottbus,2,2,D
289,D2,2009,2010-02-13,Karlsruhe,Cottbus,0,2,A
290,D2,2009,2009-10-02,Aachen,Cottbus,1,1,D
291,D2,2009,2009-08-28,Koblenz,Cottbus,0,2,A
292,D2,2009,2010-03-14,Kaiserslautern,Cottbus,4,1,H
293,D2,2009,2010-05-09,Karlsruhe,Greuther Furth,1,1,D
294,D2,2009,2010-03-05,Fortuna Dusseldorf,Greuther Furth,0,0,D
295,D2,2009,2010-02-21,Oberhausen,Greuther Furth,0,1,A
296,D2,2009,2010-04-04,Augsburg,Greuther Furth,1,1,D
297,D2,2009,2010-04-24,Aachen,Greuther Furth,2,2,D
298,D2,2009,2010-04-11,Duisburg,Greuther Furth,1,1,D
299,D2,2009,2009-11-28,Paderborn,Greuther Furth,1,0,H
300,D2,2009,2009-10-19,Union Berlin,Greuther Furth,1,2,A
301,D2,2009,2009-10-31,Ahlen,Greuther Furth,0,1,A
302,D2,2009,2009-09-27,Hansa Rostock,Greuther Furth,4,0,H
303,D2,2009,2010-02-05,Bielefeld,Greuther Furth,2,1,H
304,D2,2009,2010-01-22,Frankfurt FSV,Greuther Furth,0,5,A
305,D2,2009,2009-08-23,Cottbus,Greuther Furth,1,3,A
306,D2,2009,2009-08-08,Kaiserslautern,Greuther Furth,2,1,H
307,D2,2009,2009-09-12,Munich 1860,Greuther Furth,3,1,H
308,D2,2009,2010-03-19,Koblenz,Greuther Furth,2,0,H
309,D2,2009,2009-12-13,St Pauli,Greuther Furth,2,2,D
310,D2,2009,2009-08-29,Hansa Rostock,Oberhausen,0,2,A
311,D2,2009,2010-02-26,Duisburg,Oberhausen,2,2,D
312,D2,2009,2009-10-02,Koblenz,Oberhausen,0,1,A
313,D2,2009,2009-12-13,Fortuna Dusseldorf,Oberhausen,2,0,H
314,D2,2009,2009-11-29,Cottbus,Oberhausen,3,0,H
315,D2,2009,2009-08-16,Augsburg,Oberhausen,2,2,D
316,D2,2009,2009-10-25,Karlsruhe,Oberhausen,1,1,D
317,D2,2009,2010-04-25,Munich 1860,Oberhausen,2,2,D
318,D2,2009,2010-01-15,Union Berlin,Oberhausen,1,0,H
319,D2,2009,2010-01-31,Ahlen,Oberhausen,1,0,H
320,D2,2009,2010-03-14,St Pauli,Oberhausen,5,3,H
321,D2,2009,2010-05-09,Bielefeld,Oberhausen,2,1,H
322,D2,2009,2009-09-19,Greuther Furth,Oberhausen,4,0,H
323,D2,2009,2010-04-11,Frankfurt FSV,Oberhausen,1,0,H
324,D2,2009,2010-03-26,Paderborn,Oberhausen,1,2,A
325,D2,2009,2010-02-13,Aachen,Oberhausen,2,1,H
326,D2,2009,2009-11-06,Kaiserslautern,Oberhausen,3,1,H
327,D2,2009,2009-12-18,Duisburg,Aachen,0,2,A
328,D2,2009,2010-02-20,Munich 1860,Aachen,3,2,H
329,D2,2009,2009-11-01,Augsburg,Aachen,0,1,A
330,D2,2009,2009-10-16,Bielefeld,Aachen,1,0,H
331,D2,2009,2010-03-21,Union Berlin,Aachen,0,0,D
332,D2,2009,2009-11-22,Koblenz,Aachen,1,0,H
333,D2,2009,2009-08-07,Karlsruhe,Aachen,1,1,D
334,D2,2009,2009-12-07,Greuther Furth,Aachen,0,2,A
335,D2,2009,2009-08-23,Kaiserslautern,Aachen,1,1,D
336,D2,2009,2010-04-04,Hansa Rostock,Aachen,2,0,H
337,D2,2009,2010-05-02,Paderborn,Aachen,2,1,H
338,D2,2009,2010-01-23,St Pauli,Aachen,1,0,H
339,D2,2009,2010-03-06,Cottbus,Aachen,3,1,H
340,D2,2009,2009-09-28,Fortuna Dusseldorf,Aachen,0,0,D
341,D2,2009,2010-04-18,Ahlen,Aachen,0,1,A
342,D2,2009,2010-02-07,Frankfurt FSV,Aachen,1,1,D
343,D2,2009,2009-09-13,Oberhausen,Aachen,1,0,H
344,D2,2009,2010-04-23,Karlsruhe,Ahlen,1,0,H
345,D2,2009,2009-11-27,Aachen,Ahlen,0,2,A
346,D2,2009,2009-11-08,Duisburg,Ahlen,2,2,D
347,D2,2009,2009-09-11,Bielefeld,Ahlen,2,0,H
348,D2,2009,2010-01-23,Kaiserslautern,Ahlen,0,0,D
349,D2,2009,2010-02-08,Munich 1860,Ahlen,0,1,A
350,D2,2009,2009-08-23,Oberhausen,Ahlen,2,0,H
351,D2,2009,2009-09-25,Union Berlin,Ahlen,2,1,H
352,D2,2009,2009-12-12,Frankfurt FSV,Ahlen,0,0,D
353,D2,2009,2010-04-09,Paderborn,Ahlen,2,0,H
354,D2,2009,2009-08-07,St Pauli,Ahlen,2,1,H
355,D2,2009,2010-03-05,Hansa Rostock,Ahlen,0,1,A
356,D2,2009,2010-02-19,Fortuna Dusseldorf,Ahlen,4,0,H
357,D2,2009,2010-03-20,Augsburg,Ahlen,3,1,H
358,D2,2009,2010-03-28,Greuther Furth,Ahlen,3,1,H
359,D2,2009,2010-05-09,Cottbus,Ahlen,4,1,H
360,D2,2009,2009-10-18,Koblenz,Ahlen,1,1,D
361,D2,2009,2009-08-30,Augsburg,Union Berlin,1,1,D
362,D2,2009,2009-09-18,Koblenz,Union Berlin,1,1,D
363,D2,2009,2010-04-26,Cottbus,Union Berlin,4,2,H
364,D2,2009,2010-03-26,Frankfurt FSV,Union Berlin,2,1,H
365,D2,2009,2009-08-07,Oberhausen,Union Berlin,0,3,A
366,D2,2009,2010-01-22,Fortuna Dusseldorf,Union Berlin,1,0,H
367,D2,2009,2009-11-29,St Pauli,Union Berlin,3,0,H
368,D2,2009,2010-04-10,Kaiserslautern,Union Berlin,1,1,D
369,D2,2009,2010-03-12,Greuther Furth,Union Berlin,0,0,D
370,D2,2009,2009-10-25,Aachen,Union Berlin,1,4,A
371,D2,2009,2010-02-12,Paderborn,Union Berlin,3,0,H
372,D2,2009,2009-10-02,Duisburg,Union Berlin,3,1,H
373,D2,2009,2010-05-09,Munich 1860,Union Berlin,2,0,H
374,D2,2009,2009-11-08,Karlsruhe,Union Berlin,3,2,H
375,D2,2009,2009-12-13,Bielefeld,Union Berlin,1,1,D
376,D2,2009,2010-02-28,Ahlen,Union Berlin,3,2,H
377,D2,2009,2010-02-24,Hansa Rostock,Union Berlin,0,0,D
378,D2,2009,2010-03-20,Bielefeld,Paderborn,3,0,H
379,D2,2009,2009-09-13,Union Berlin,Paderborn,5,4,H
380,D2,2009,2010-04-16,Greuther Furth,Paderborn,1,1,D
381,D2,2009,2009-08-21,Frankfurt FSV,Paderborn,0,0,D
382,D2,2009,2010-02-07,Kaiserslautern,Paderborn,3,0,H
383,D2,2009,2010-01-24,Karlsruhe,Paderborn,1,2,A
384,D2,2009,2009-09-27,Munich 1860,Paderborn,0,0,D
385,D2,2009,2009-10-30,Oberhausen,Paderborn,3,2,H
386,D2,2009,2010-05-09,St Pauli,Paderborn,1,2,A
387,D2,2009,2009-10-17,Hansa Rostock,Paderborn,1,2,A
388,D2,2009,2009-12-11,Aachen,Paderborn,1,1,D
389,D2,2009,2010-04-24,Duisburg,Paderborn,2,3,A
390,D2,2009,2010-03-07,Augsburg,Paderborn,3,0,H
391,D2,2009,2009-08-08,Fortuna Dusseldorf,Paderborn,3,0,H
392,D2,2009,2009-11-20,Ahlen,Paderborn,0,0,D
393,D2,2009,2010-02-21,Cottbus,Paderborn,1,2,A
394,D2,2009,2010-04-04,Koblenz,Paderborn,2,1,H
395,D2,2009,2009-10-03,Paderborn,Augsburg,2,2,D
396,D2,2009,2010-04-25,Frankfurt FSV,Augsburg,1,1,D
397,D2,2009,2010-03-13,Karlsruhe,Augsburg,1,0,H
398,D2,2009,2009-11-28,Duisburg,Augsburg,2,2,D
399,D2,2009,2010-02-27,Koblenz,Augsburg,0,1,A
400,D2,2009,2010-03-28,Aachen,Augsburg,4,0,H
401,D2,2009,2009-08-09,Cottbus,Augsburg,3,1,H
402,D2,2009,2010-05-09,Kaiserslautern,Augsburg,1,1,D
403,D2,2009,2010-02-20,Hansa Rostock,Augsburg,0,1,A
404,D2,2009,2009-11-07,Greuther Furth,Augsburg,4,5,A
405,D2,2009,2009-09-11,Fortuna Dusseldorf,Augsburg,1,1,D
406,D2,2009,2009-10-23,Ahlen,Augsburg,1,3,A
407,D2,2009,2010-02-06,Union Berlin,Augsburg,0,0,D
408,D2,2009,2010-04-12,St Pauli,Augsburg,3,0,H
409,D2,2009,2010-01-24,Oberhausen,Augsburg,0,3,A
410,D2,2009,2009-12-12,Munich 1860,Augsburg,1,0,H
411,D2,2009,2009-08-22,Bielefeld,Augsburg,1,2,A
412,D2,2009,2009-11-27,Karlsruhe,Koblenz,2,1,H
413,D2,2009,2010-03-12,Ahlen,Koblenz,0,2,A
414,D2,2009,2009-08-21,Fortuna Dusseldorf,Koblenz,1,0,H
415,D2,2009,2010-03-26,Duisburg,Koblenz,4,1,H
416,D2,2009,2010-04-09,Aachen,Koblenz,1,1,D
417,D2,2009,2010-02-06,Cottbus,Koblenz,1,1,D
418,D2,2009,2009-09-12,Hansa Rostock,Koblenz,2,1,H
419,D2,2009,2010-02-19,Union Berlin,Koblenz,3,2,H
420,D2,2009,2010-01-24,Bielefeld,Koblenz,4,2,H
421,D2,2009,2009-12-11,Kaiserslautern,Koblenz,3,0,H
422,D2,2009,2009-10-23,Greuther Furth,Koblenz,1,2,A
423,D2,2009,2010-05-09,Frankfurt FSV,Koblenz,1,1,D
424,D2,2009,2010-03-05,Oberhausen,Koblenz,2,0,H
425,D2,2009,2009-11-06,Paderborn,Koblenz,2,1,H
426,D2,2009,2010-04-23,St Pauli,Koblenz,6,1,H
427,D2,2009,2009-09-27,Augsburg,Koblenz,1,1,D
428,D2,2009,2009-08-09,Munich 1860,Koblenz,2,0,H
429,D1,2009,2010-01-15,Bayern Munich,Hoffenheim,2,0,H
430,D1,2009,2010-01-30,Schalke 04,Hoffenheim,2,0,H
431,D1,2009,2010-02-13,Bochum,Hoffenheim,2,1,H
432,D1,2009,2009-09-19,M'gladbach,Hoffenheim,2,4,A
433,D1,2009,2009-10-17,Werder Bremen,Hoffenheim,2,0,H
434,D1,2009,2009-11-01,Freiburg,Hoffenheim,0,1,A
435,D1,2009,2010-04-04,Wolfsburg,Hoffenheim,4,0,H
436,D1,2009,2009-12-19,Stuttgart,Hoffenheim,3,1,H
437,D1,2009,2009-08-15,Leverkusen,Hoffenheim,1,0,H
438,D1,2009,2010-05-01,Ein Frankfurt,Hoffenheim,1,2,A
439,D1,2009,2010-02-27,Hertha,Hoffenheim,0,2,A
440,D1,2009,2010-03-20,Nurnberg,Hoffenheim,0,0,D
441,D1,2009,2009-08-29,Hannover,Hoffenheim,0,1,A
442,D1,2009,2009-10-03,Mainz,Hoffenheim,2,1,H
443,D1,2009,2009-11-21,FC Koln,Hoffenheim,0,4,A
444,D1,2009,2010-04-18,Dortmund,Hoffenheim,1,1,D
445,D1,2009,2009-12-05,Hamburg,Hoffenheim,0,0,D
446,D2,2009,2009-11-21,Oberhausen,Frankfurt FSV,1,3,A
447,D2,2009,2009-10-18,Fortuna Dusseldorf,Frankfurt FSV,4,1,H
448,D2,2009,2010-04-04,Bielefeld,Frankfurt FSV,2,1,H
449,D2,2009,2010-01-17,Duisburg,Frankfurt FSV,5,0,H
450,D2,2009,2009-12-04,Augsburg,Frankfurt FSV,2,0,H
451,D2,2009,2010-01-31,Paderborn,Frankfurt FSV,0,2,A
452,D2,2009,2009-08-14,Greuther Furth,Frankfurt FSV,4,0,H
453,D2,2009,2010-02-12,St Pauli,Frankfurt FSV,0,0,D
454,D2,2009,2009-08-30,Aachen,Frankfurt FSV,3,0,H
455,D2,2009,2009-10-30,Union Berlin,Frankfurt FSV,1,0,H
456,D2,2009,2010-03-06,Kaiserslautern,Frankfurt FSV,1,1,D
457,D2,2009,2009-09-25,Cottbus,Frankfurt FSV,3,0,H
458,D2,2009,2010-03-21,Munich 1860,Frankfurt FSV,2,1,H
459,D2,2009,2009-09-18,Karlsruhe,Frankfurt FSV,2,0,H
460,D2,2009,2009-12-18,Koblenz,Frankfurt FSV,0,1,A
461,D2,2009,2010-05-02,Ahlen,Frankfurt FSV,0,0,D
462,D2,2009,2010-04-17,Hansa Rostock,Frankfurt FSV,1,2,A
463,D2,2009,2010-03-01,Aachen,Fortuna Dusseldorf,0,1,A
464,D2,2009,2009-11-29,Munich 1860,Fortuna Dusseldorf,2,2,D
465,D2,2009,2010-04-10,Cottbus,Fortuna Dusseldorf,4,2,H
466,D2,2009,2009-12-19,Hansa Rostock,Fortuna Dusseldorf,2,1,H
467,D2,2009,2009-11-06,St Pauli,Fortuna Dusseldorf,2,1,H
468,D2,2009,2009-08-31,Duisburg,Fortuna Dusseldorf,3,0,H
469,D2,2009,2009-08-15,Union Berlin,Fortuna Dusseldorf,1,0,H
470,D2,2009,2009-10-23,Kaiserslautern,Fortuna Dusseldorf,0,2,A
471,D2,2009,2010-03-13,Frankfurt FSV,Fortuna Dusseldorf,2,0,H
472,D2,2009,2010-04-25,Bielefeld,Fortuna Dusseldorf,1,1,D
473,D2,2009,2010-02-14,Augsburg,Fortuna Dusseldorf,2,0,H
474,D2,2009,2010-01-29,Koblenz,Fortuna Dusseldorf,1,0,H
475,D2,2009,2009-10-03,Greuther Furth,Fortuna Dusseldorf,2,1,H
476,D2,2009,2009-09-19,Ahlen,Fortuna Dusseldorf,1,4,A
477,D2,2009,2010-03-27,Karlsruhe,Fortuna Dusseldorf,1,1,D
478,D2,2009,2010-01-15,Paderborn,Fortuna Dusseldorf,1,1,D
479,D2,2009,2010-05-02,Oberhausen,Fortuna Dusseldorf,0,1,A
7791,D1,2009,2009-10-31,Stuttgart,Bayern Munich,0,0,D
7792,D1,2009,2010-04-10,Leverkusen,Bayern Munich,1,1,D
7793,D1,2009,2010-03-06,FC Koln,Bayern Munich,1,1,D
7794,D1,2009,2010-02-06,Wolfsburg,Bayern Munich,1,3,A
7795,D1,2009,2009-11-29,Hannover,Bayern Munich,0,3,A
7796,D1,2009,2009-10-17,Freiburg,Bayern Munich,1,2,A
7797,D1,2009,2009-12-12,Bochum,Bayern Munich,1,5,A
7798,D1,2009,2010-03-20,Ein Frankfurt,Bayern Munich,2,1,H
7799,D1,2009,2010-02-20,Nurnberg,Bayern Munich,1,1,D
7800,D1,2009,2009-09-26,Hamburg,Bayern Munich,1,0,H
7801,D1,2009,2010-05-08,Hertha,Bayern Munich,1,3,A
7802,D1,2009,2009-09-12,Dortmund,Bayern Munich,1,5,A
7803,D1,2009,2010-04-03,Schalke 04,Bayern Munich,1,2,A
7804,D1,2009,2010-04-24,M'gladbach,Bayern Munich,1,1,D
7805,D1,2009,2010-01-23,Werder Bremen,Bayern Munich,2,3,A
7806,D1,2009,2009-08-22,Mainz,Bayern Munich,2,1,H
7807,D1,2009,2009-08-08,Hoffenheim,Bayern Munich,1,1,D
7808,D1,2009,2009-08-15,Hamburg,Dortmund,4,1,H
7809,D1,2009,2010-01-17,FC Koln,Dortmund,2,3,A
7810,D1,2009,2009-11-28,Hoffenheim,Dortmund,1,2,A
7811,D1,2009,2009-12-13,Wolfsburg,Dortmund,1,3,A
7812,D1,2009,2010-05-08,Freiburg,Dortmund,3,1,H
7813,D1,2009,2009-10-23,Leverkusen,Dortmund,1,1,D
7814,D1,2009,2010-04-24,Nurnberg,Dortmund,2,3,A
7815,D1,2009,2010-02-26,Schalke 04,Dortmund,2,1,H
7816,D1,2009,2010-03-27,Hertha,Dortmund,0,0,D
7817,D1,2009,2010-02-13,Bayern Munich,Dortmund,3,1,H
7818,D1,2009,2010-03-13,Bochum,Dortmund,1,4,A
7819,D1,2009,2009-08-29,Ein Frankfurt,Dortmund,1,1,D
7820,D1,2009,2009-09-19,Hannover,Dortmund,1,1,D
7821,D1,2009,2009-11-08,Werder Bremen,Dortmund,1,1,D
7822,D1,2009,2009-10-03,M'gladbach,Dortmund,0,1,A
7823,D1,2009,2010-01-31,Stuttgart,Dortmund,4,1,H
7824,D1,2009,2010-04-10,Mainz,Dortmund,1,0,H
7825,D2,2009,2010-04-16,Augsburg,Duisburg,2,0,H
7826,D2,2009,2009-10-17,Munich 1860,Duisburg,3,1,H
7827,D2,2009,2009-12-11,Karlsruhe,Duisburg,0,1,A
7828,D2,2009,2009-08-09,Frankfurt FSV,Duisburg,1,2,A
7829,D2,2009,2009-11-22,Greuther Furth,Duisburg,0,1,A
7830,D2,2009,2009-08-22,St Pauli,Duisburg,2,2,D
7831,D2,2009,2010-05-09,Aachen,Duisburg,1,1,D
7832,D2,2009,2009-11-01,Koblenz,Duisburg,0,3,A
7833,D2,2009,2010-01-25,Cottbus,Duisburg,0,1,A
7834,D2,2009,2010-03-19,Hansa Rostock,Duisburg,3,1,H
7835,D2,2009,2009-09-11,Kaiserslautern,Duisburg,4,1,H
7836,D2,2009,2010-04-03,Ahlen,Duisburg,0,1,A
7837,D2,2009,2009-09-25,Oberhausen,Duisburg,1,0,H
7838,D2,2009,2009-12-06,Paderborn,Duisburg,1,3,A
7839,D2,2009,2010-02-07,Fortuna Dusseldorf,Duisburg,2,0,H
7840,D2,2009,2010-02-19,Bielefeld,Duisburg,1,2,A
7841,D2,2009,2010-03-07,Union Berlin,Duisburg,0,1,A
7842,D1,2009,2010-02-20,Hamburg,Ein Frankfurt,0,0,D
7843,D1,2009,2009-12-12,Hoffenheim,Ein Frankfurt,1,1,D
7844,D1,2009,2010-04-09,M'gladbach,Ein Frankfurt,2,0,H
7845,D1,2009,2009-10-02,Schalke 04,Ein Frankfurt,2,0,H
7846,D1,2009,2009-11-28,Hertha,Ein Frankfurt,1,3,A
7847,D1,2009,2009-11-06,Leverkusen,Ein Frankfurt,4,0,H
7848,D1,2009,2009-08-22,FC Koln,Ein Frankfurt,0,0,D
7849,D1,2009,2010-05-08,Wolfsburg,Ein Frankfurt,3,1,H
7850,D1,2009,2010-02-27,Stuttgart,Ein Frankfurt,2,1,H
7851,D1,2009,2009-09-12,Freiburg,Ein Frankfurt,0,2,A
7852,D1,2009,2010-03-13,Hannover,Ein Frankfurt,2,1,H
7853,D1,2009,2010-04-24,Mainz,Ein Frankfurt,3,3,D
7854,D1,2009,2009-10-24,Bayern Munich,Ein Frankfurt,2,1,H
7855,D1,2009,2010-02-07,Dortmund,Ein Frankfurt,2,3,A
7856,D1,2009,2010-03-26,Bochum,Ein Frankfurt,1,2,A
7857,D1,2009,2010-01-23,Nurnberg,Ein Frankfurt,1,1,D
7858,D1,2009,2009-08-08,Werder Bremen,Ein Frankfurt,2,3,A
7859,D1,2009,2010-01-24,Wolfsburg,FC Koln,2,3,A
7860,D1,2009,2009-10-03,Bayern Munich,FC Koln,0,0,D
7861,D1,2009,2010-03-13,Mainz,FC Koln,1,0,H
7862,D1,2009,2010-02-27,Leverkusen,FC Koln,0,0,D
7863,D1,2009,2010-05-08,Nurnberg,FC Koln,1,0,H
7864,D1,2009,2009-08-30,Hamburg,FC Koln,3,1,H
7865,D1,2009,2009-08-08,Dortmund,FC Koln,1,0,H
7866,D1,2009,2009-10-24,M'gladbach,FC Koln,0,0,D
7867,D1,2009,2010-01-30,Ein Frankfurt,FC Koln,1,2,A
7868,D1,2009,2010-04-10,Hoffenheim,FC Koln,0,2,A
7869,D1,2009,2010-03-27,Hannover,FC Koln,1,4,A
7870,D1,2009,2009-12-12,Freiburg,FC Koln,0,0,D
7871,D1,2009,2010-04-24,Werder Bremen,FC Koln,1,0,H
7872,D1,2009,2009-11-08,Hertha,FC Koln,0,1,A
7873,D1,2009,2009-09-19,Stuttgart,FC Koln,0,2,A
7874,D1,2009,2010-02-14,Schalke 04,FC Koln,2,0,H
7875,D1,2009,2009-11-27,Bochum,FC Koln,0,0,D
7876,D1,2009,2009-11-28,Nurnberg,Freiburg,0,1,A
7877,D1,2009,2009-08-29,Schalke 04,Freiburg,0,1,A
7878,D1,2009,2009-12-19,Dortmund,Freiburg,1,0,H
7879,D1,2009,2009-10-24,Mainz,Freiburg,3,0,H
7880,D1,2009,2009-08-15,Stuttgart,Freiburg,4,2,H
7881,D1,2009,2010-01-16,Hamburg,Freiburg,2,0,H
7882,D1,2009,2010-05-01,FC Koln,Freiburg,2,2,D
7883,D1,2009,2009-11-07,Bochum,Freiburg,1,2,A
7884,D1,2009,2009-12-05,Wolfsburg,Freiburg,2,2,D
7885,D1,2009,2010-02-14,Ein Frankfurt,Freiburg,2,1,H
7886,D1,2009,2010-04-10,Werder Bremen,Freiburg,4,0,H
7887,D1,2009,2009-09-20,Hertha,Freiburg,0,4,A
7888,D1,2009,2010-02-27,M'gladbach,Freiburg,1,1,D
7889,D1,2009,2009-10-03,Hannover,Freiburg,5,2,H
7890,D1,2009,2010-01-31,Leverkusen,Freiburg,3,1,H
7891,D1,2009,2010-03-13,Bayern Munich,Freiburg,2,1,H
7892,D1,2009,2010-03-28,Hoffenheim,Freiburg,1,1,D
7893,D1,2009,2010-03-28,M'gladbach,Hamburg,1,0,H
7894,D1,2009,2010-04-11,Bochum,Hamburg,1,2,A
7895,D1,2009,2010-04-25,Hoffenheim,Hamburg,5,1,H
7896,D1,2009,2009-08-09,Freiburg,Hamburg,1,1,D
7897,D1,2009,2009-10-04,Hertha,Hamburg,1,3,A
7898,D1,2009,2009-11-08,Hannover,Hamburg,2,2,D
7899,D1,2009,2009-12-12,Nurnberg,Hamburg,0,4,A
7900,D1,2009,2009-08-23,Wolfsburg,Hamburg,2,4,A
7901,D1,2009,2009-09-20,Ein Frankfurt,Hamburg,1,1,D
7902,D1,2009,2010-01-23,Dortmund,Hamburg,1,0,H
7903,D1,2009,2009-11-28,Mainz,Hamburg,1,1,D
7904,D1,2009,2009-10-25,Schalke 04,Hamburg,3,3,D
7905,D1,2009,2010-02-06,FC Koln,Hamburg,3,3,D
7906,D1,2009,2010-05-08,Werder Bremen,Hamburg,1,1,D
7907,D1,2009,2010-02-13,Stuttgart,Hamburg,1,3,A
7908,D1,2009,2010-02-28,Bayern Munich,Hamburg,1,0,H
7909,D1,2009,2010-03-14,Leverkusen,Hamburg,4,2,H
7910,D2,2009,2009-08-30,Paderborn,Kaiserslautern,0,0,D
7911,D2,2009,2009-11-23,Union Berlin,Kaiserslautern,0,2,A
7912,D2,2009,2010-05-02,Koblenz,Kaiserslautern,2,2,D
7913,D2,2009,2010-02-01,Aachen,Kaiserslautern,0,3,A
7914,D2,2009,2009-10-16,Cottbus,Kaiserslautern,1,2,A
7915,D2,2009,2009-12-05,Hansa Rostock,Kaiserslautern,0,1,A
7916,D2,2009,2010-02-15,Duisburg,Kaiserslautern,1,1,D
7917,D2,2009,2010-01-16,Greuther Furth,Kaiserslautern,3,0,H
7918,D2,2009,2009-12-21,Augsburg,Kaiserslautern,4,1,H
7919,D2,2009,2010-02-28,Karlsruhe,Kaiserslautern,1,3,A
7920,D2,2009,2010-04-19,Bielefeld,Kaiserslautern,1,2,A
7921,D2,2009,2010-03-22,Fortuna Dusseldorf,Kaiserslautern,0,0,D
7922,D2,2009,2009-09-20,St Pauli,Kaiserslautern,1,2,A
7923,D2,2009,2009-08-16,Ahlen,Kaiserslautern,0,1,A
43735,E0,2009,2009-08-15,Aston Villa,Wigan,0,2,A
43736,E0,2009,2009-08-15,Blackburn,Man City,0,2,A
43737,E0,2009,2009-08-15,Bolton,Sunderland,0,1,A
43738,E0,2009,2009-08-15,Chelsea,Hull,2,1,H
43739,E0,2009,2009-08-15,Everton,Arsenal,1,6,A
43740,E0,2009,2009-08-15,Portsmouth,Fulham,0,1,A
43741,E0,2009,2009-08-15,Stoke,Burnley,2,0,H
43742,E0,2009,2009-08-15,Wolves,West Ham,0,2,A
43743,E0,2009,2009-08-16,Man United,Birmingham,1,0,H
43744,E0,2009,2009-08-16,Tottenham,Liverpool,2,1,H
43745,E0,2009,2009-08-18,Sunderland,Chelsea,1,3,A
43746,E0,2009,2009-08-18,Wigan,Wolves,0,1,A
43747,E0,2009,2009-08-19,Birmingham,Portsmouth,1,0,H
43748,E0,2009,2009-08-19,Burnley,Man United,1,0,H
43749,E0,2009,2009-08-19,Hull,Tottenham,1,5,A
43750,E0,2009,2009-08-19,Liverpool,Stoke,4,0,H
43751,E0,2009,2009-08-22,Arsenal,Portsmouth,4,1,H
43752,E0,2009,2009-08-22,Birmingham,Stoke,0,0,D
43753,E0,2009,2009-08-22,Hull,Bolton,1,0,H
43754,E0,2009,2009-08-22,Man City,Wolves,1,0,H
43755,E0,2009,2009-08-22,Sunderland,Blackburn,2,1,H
43756,E0,2009,2009-08-22,Wigan,Man United,0,5,A
43757,E0,2009,2009-08-23,Burnley,Everton,1,0,H
43758,E0,2009,2009-08-23,Fulham,Chelsea,0,2,A
43759,E0,2009,2009-08-23,West Ham,Tottenham,1,2,A
43760,E0,2009,2009-08-24,Liverpool,Aston Villa,1,3,A
43761,E0,2009,2009-08-29,Blackburn,West Ham,0,0,D
43762,E0,2009,2009-08-29,Bolton,Liverpool,2,3,A
43763,E0,2009,2009-08-29,Chelsea,Burnley,3,0,H
43764,E0,2009,2009-08-29,Man United,Arsenal,2,1,H
43765,E0,2009,2009-08-29,Stoke,Sunderland,1,0,H
43766,E0,2009,2009-08-29,Tottenham,Birmingham,2,1,H
43767,E0,2009,2009-08-29,Wolves,Hull,1,1,D
43768,E0,2009,2009-08-30,Aston Villa,Fulham,2,0,H
43769,E0,2009,2009-08-30,Everton,Wigan,2,1,H
43770,E0,2009,2009-08-30,Portsmouth,Man City,0,1,A
43771,E0,2009,2009-09-12,Blackburn,Wolves,3,1,H
43772,E0,2009,2009-09-12,Liverpool,Burnley,4,0,H
43773,E0,2009,2009-09-12,Man City,Arsenal,4,2,H
43774,E0,2009,2009-09-12,Portsmouth,Bolton,2,3,A
43775,E0,2009,2009-09-12,Stoke,Chelsea,1,2,A
43776,E0,2009,2009-09-12,Sunderland,Hull,4,1,H
43777,E0,2009,2009-09-12,Tottenham,Man United,1,3,A
43778,E0,2009,2009-09-12,Wigan,West Ham,1,0,H
43779,E0,2009,2009-09-13,Birmingham,Aston Villa,0,1,A
43780,E0,2009,2009-09-13,Fulham,Everton,2,1,H
43781,E0,2009,2009-09-19,Arsenal,Wigan,4,0,H
43782,E0,2009,2009-09-19,Aston Villa,Portsmouth,2,0,H
43783,E0,2009,2009-09-19,Bolton,Stoke,1,1,D
43784,E0,2009,2009-09-19,Burnley,Sunderland,3,1,H
43785,E0,2009,2009-09-19,Hull,Birmingham,0,1,A
43786,E0,2009,2009-09-19,West Ham,Liverpool,2,3,A
43787,E0,2009,2009-09-20,Chelsea,Tottenham,3,0,H
43788,E0,2009,2009-09-20,Everton,Blackburn,3,0,H
43789,E0,2009,2009-09-20,Man United,Man City,4,3,H
43790,E0,2009,2009-09-20,Wolves,Fulham,2,1,H
43791,E0,2009,2009-09-26,Birmingham,Bolton,1,2,A
43792,E0,2009,2009-09-26,Blackburn,Aston Villa,2,1,H
43793,E0,2009,2009-09-26,Fulham,Arsenal,0,1,A
43794,E0,2009,2009-09-26,Liverpool,Hull,6,1,H
43795,E0,2009,2009-09-26,Portsmouth,Everton,0,1,A
43796,E0,2009,2009-09-26,Stoke,Man United,0,2,A
43797,E0,2009,2009-09-26,Tottenham,Burnley,5,0,H
43798,E0,2009,2009-09-26,Wigan,Chelsea,3,1,H
43799,E0,2009,2009-09-27,Sunderland,Wolves,5,2,H
43800,E0,2009,2009-09-28,Man City,West Ham,3,1,H
43801,E0,2009,2009-10-03,Bolton,Tottenham,2,2,D
43802,E0,2009,2009-10-03,Burnley,Birmingham,2,1,H
43803,E0,2009,2009-10-03,Hull,Wigan,2,1,H
43804,E0,2009,2009-10-03,Man United,Sunderland,2,2,D
43805,E0,2009,2009-10-03,Wolves,Portsmouth,0,1,A
43806,E0,2009,2009-10-04,Arsenal,Blackburn,6,2,H
43807,E0,2009,2009-10-04,Chelsea,Liverpool,2,0,H
43808,E0,2009,2009-10-04,Everton,Stoke,1,1,D
43809,E0,2009,2009-10-04,West Ham,Fulham,2,2,D
43810,E0,2009,2009-10-05,Aston Villa,Man City,1,1,D
43811,E0,2009,2009-10-17,Arsenal,Birmingham,3,1,H
43812,E0,2009,2009-10-17,Aston Villa,Chelsea,2,1,H
43813,E0,2009,2009-10-17,Everton,Wolves,1,1,D
43814,E0,2009,2009-10-17,Man United,Bolton,2,1,H
43815,E0,2009,2009-10-17,Portsmouth,Tottenham,1,2,A
43816,E0,2009,2009-10-17,Stoke,West Ham,2,1,H
43817,E0,2009,2009-10-17,Sunderland,Liverpool,1,0,H
43818,E0,2009,2009-10-18,Blackburn,Burnley,3,2,H
43819,E0,2009,2009-10-18,Wigan,Man City,1,1,D
43820,E0,2009,2009-10-19,Fulham,Hull,2,0,H
43821,E0,2009,2009-10-24,Birmingham,Sunderland,2,1,H
43822,E0,2009,2009-10-24,Burnley,Wigan,1,3,A
43823,E0,2009,2009-10-24,Chelsea,Blackburn,5,0,H
43824,E0,2009,2009-10-24,Hull,Portsmouth,0,0,D
43825,E0,2009,2009-10-24,Tottenham,Stoke,0,1,A
43826,E0,2009,2009-10-24,Wolves,Aston Villa,1,1,D
43827,E0,2009,2009-10-25,Bolton,Everton,3,2,H
43828,E0,2009,2009-10-25,Liverpool,Man United,2,0,H
43829,E0,2009,2009-10-25,Man City,Fulham,2,2,D
43830,E0,2009,2009-10-25,West Ham,Arsenal,2,2,D
43831,E0,2009,2009-10-31,Arsenal,Tottenham,3,0,H
43832,E0,2009,2009-10-31,Bolton,Chelsea,0,4,A
43833,E0,2009,2009-10-31,Burnley,Hull,2,0,H
43834,E0,2009,2009-10-31,Everton,Aston Villa,1,1,D
43835,E0,2009,2009-10-31,Fulham,Liverpool,3,1,H
43836,E0,2009,2009-10-31,Man United,Blackburn,2,0,H
43837,E0,2009,2009-10-31,Portsmouth,Wigan,4,0,H
43838,E0,2009,2009-10-31,Stoke,Wolves,2,2,D
43839,E0,2009,2009-10-31,Sunderland,West Ham,2,2,D
43840,E0,2009,2009-11-01,Birmingham,Man City,0,0,D
43841,E0,2009,2009-11-04,West Ham,Aston Villa,2,1,H
43842,E0,2009,2009-11-07,Aston Villa,Bolton,5,1,H
43843,E0,2009,2009-11-07,Blackburn,Portsmouth,3,1,H
43844,E0,2009,2009-11-07,Man City,Burnley,3,3,D
43845,E0,2009,2009-11-07,Tottenham,Sunderland,2,0,H
43846,E0,2009,2009-11-07,Wolves,Arsenal,1,4,A
43847,E0,2009,2009-11-08,Chelsea,Man United,1,0,H
43848,E0,2009,2009-11-08,Hull,Stoke,2,1,H
43849,E0,2009,2009-11-08,West Ham,Everton,1,2,A
43850,E0,2009,2009-11-08,Wigan,Fulham,1,1,D
43851,E0,2009,2009-11-09,Liverpool,Birmingham,2,2,D
43852,E0,2009,2009-11-21,Birmingham,Fulham,1,0,H
43853,E0,2009,2009-11-21,Burnley,Aston Villa,1,1,D
43854,E0,2009,2009-11-21,Chelsea,Wolves,4,0,H
43855,E0,2009,2009-11-21,Hull,West Ham,3,3,D
43856,E0,2009,2009-11-21,Liverpool,Man City,2,2,D
43857,E0,2009,2009-11-21,Man United,Everton,3,0,H
43858,E0,2009,2009-11-21,Sunderland,Arsenal,1,0,H
43859,E0,2009,2009-11-22,Bolton,Blackburn,0,2,A
43860,E0,2009,2009-11-22,Stoke,Portsmouth,1,0,H
43861,E0,2009,2009-11-22,Tottenham,Wigan,9,1,H
43862,E0,2009,2009-11-25,Fulham,Blackburn,3,0,H
43863,E0,2009,2009-11-25,Hull,Everton,3,2,H
43864,E0,2009,2009-11-28,Aston Villa,Tottenham,1,1,D
43865,E0,2009,2009-11-28,Blackburn,Stoke,0,0,D
43866,E0,2009,2009-11-28,Fulham,Bolton,1,1,D
43867,E0,2009,2009-11-28,Man City,Hull,1,1,D
43868,E0,2009,2009-11-28,Portsmouth,Man United,1,4,A
43869,E0,2009,2009-11-28,West Ham,Burnley,5,3,H
43870,E0,2009,2009-11-28,Wigan,Sunderland,1,0,H
43871,E0,2009,2009-11-29,Arsenal,Chelsea,0,3,A
43872,E0,2009,2009-11-29,Everton,Liverpool,0,2,A
43873,E0,2009,2009-11-29,Wolves,Birmingham,0,1,A
43874,E0,2009,2009-12-05,Arsenal,Stoke,2,0,H
43875,E0,2009,2009-12-05,Aston Villa,Hull,3,0,H
43876,E0,2009,2009-12-05,Blackburn,Liverpool,0,0,D
43877,E0,2009,2009-12-05,Man City,Chelsea,2,1,H
43878,E0,2009,2009-12-05,Portsmouth,Burnley,2,0,H
43879,E0,2009,2009-12-05,West Ham,Man United,0,4,A
43880,E0,2009,2009-12-05,Wigan,Birmingham,2,3,A
43881,E0,2009,2009-12-05,Wolves,Bolton,2,1,H
43882,E0,2009,2009-12-06,Everton,Tottenham,2,2,D
43883,E0,2009,2009-12-06,Fulham,Sunderland,1,0,H
43884,E0,2009,2009-12-12,Birmingham,West Ham,1,0,H
43885,E0,2009,2009-12-12,Bolton,Man City,3,3,D
43886,E0,2009,2009-12-12,Burnley,Fulham,1,1,D
43887,E0,2009,2009-12-12,Chelsea,Everton,3,3,D
43888,E0,2009,2009-12-12,Hull,Blackburn,0,0,D
43889,E0,2009,2009-12-12,Man United,Aston Villa,0,1,A
43890,E0,2009,2009-12-12,Stoke,Wigan,2,2,D
43891,E0,2009,2009-12-12,Sunderland,Portsmouth,1,1,D
43892,E0,2009,2009-12-12,Tottenham,Wolves,0,1,A
43893,E0,2009,2009-12-13,Liverpool,Arsenal,1,2,A
43894,E0,2009,2009-12-15,Birmingham,Blackburn,2,1,H
43895,E0,2009,2009-12-15,Bolton,West Ham,3,1,H
43896,E0,2009,2009-12-15,Man United,Wolves,3,0,H
43897,E0,2009,2009-12-15,Sunderland,Aston Villa,0,2,A
43898,E0,2009,2009-12-16,Burnley,Arsenal,1,1,D
43899,E0,2009,2009-12-16,Chelsea,Portsmouth,2,1,H
43900,E0,2009,2009-12-16,Liverpool,Wigan,2,1,H
43901,E0,2009,2009-12-16,Tottenham,Man City,3,0,H
43902,E0,2009,2009-12-19,Arsenal,Hull,3,0,H
43903,E0,2009,2009-12-19,Aston Villa,Stoke,1,0,H
43904,E0,2009,2009-12-19,Blackburn,Tottenham,0,2,A
43905,E0,2009,2009-12-19,Fulham,Man United,3,0,H
43906,E0,2009,2009-12-19,Man City,Sunderland,4,3,H
43907,E0,2009,2009-12-19,Portsmouth,Liverpool,2,0,H
43908,E0,2009,2009-12-20,Everton,Birmingham,1,1,D
43909,E0,2009,2009-12-20,West Ham,Chelsea,1,1,D
43910,E0,2009,2009-12-20,Wolves,Burnley,2,0,H
43911,E0,2009,2009-12-26,Birmingham,Chelsea,0,0,D
43912,E0,2009,2009-12-26,Burnley,Bolton,1,1,D
43913,E0,2009,2009-12-26,Fulham,Tottenham,0,0,D
43914,E0,2009,2009-12-26,Liverpool,Wolves,2,0,H
43915,E0,2009,2009-12-26,Man City,Stoke,2,0,H
43916,E0,2009,2009-12-26,Sunderland,Everton,1,1,D
43917,E0,2009,2009-12-26,West Ham,Portsmouth,2,0,H
43918,E0,2009,2009-12-26,Wigan,Blackburn,1,1,D
43919,E0,2009,2009-12-27,Arsenal,Aston Villa,3,0,H
43920,E0,2009,2009-12-27,Hull,Man United,1,3,A
43921,E0,2009,2009-12-28,Blackburn,Sunderland,2,2,D
43922,E0,2009,2009-12-28,Chelsea,Fulham,2,1,H
43923,E0,2009,2009-12-28,Everton,Burnley,2,0,H
43924,E0,2009,2009-12-28,Stoke,Birmingham,0,1,A
43925,E0,2009,2009-12-28,Tottenham,West Ham,2,0,H
43926,E0,2009,2009-12-28,Wolves,Man City,0,3,A
43927,E0,2009,2009-12-29,Aston Villa,Liverpool,0,1,A
43928,E0,2009,2009-12-29,Bolton,Hull,2,2,D
43929,E0,2009,2009-12-30,Man United,Wigan,5,0,H
43930,E0,2009,2009-12-30,Portsmouth,Arsenal,1,4,A
43931,E0,2009,2010-01-05,Stoke,Fulham,3,2,H
43932,E0,2009,2010-01-09,Arsenal,Everton,2,2,D
43933,E0,2009,2010-01-09,Birmingham,Man United,1,1,D
43934,E0,2009,2010-01-11,Man City,Blackburn,4,1,H
43935,E0,2009,2010-01-16,Chelsea,Sunderland,7,2,H
43936,E0,2009,2010-01-16,Everton,Man City,2,0,H
43937,E0,2009,2010-01-16,Man United,Burnley,3,0,H
43938,E0,2009,2010-01-16,Stoke,Liverpool,1,1,D
43939,E0,2009,2010-01-16,Tottenham,Hull,0,0,D
43940,E0,2009,2010-01-16,Wolves,Wigan,0,2,A
43941,E0,2009,2010-01-17,Aston Villa,West Ham,0,0,D
43942,E0,2009,2010-01-17,Blackburn,Fulham,2,0,H
43943,E0,2009,2010-01-17,Bolton,Arsenal,0,2,A
43944,E0,2009,2010-01-20,Arsenal,Bolton,4,2,H
43945,E0,2009,2010-01-20,Liverpool,Tottenham,2,0,H
43946,E0,2009,2010-01-23,Man United,Hull,4,0,H
43947,E0,2009,2010-01-26,Bolton,Burnley,1,0,H
43948,E0,2009,2010-01-26,Portsmouth,West Ham,1,1,D
43949,E0,2009,2010-01-26,Tottenham,Fulham,2,0,H
43950,E0,2009,2010-01-26,Wolves,Liverpool,0,0,D
43951,E0,2009,2010-01-27,Aston Villa,Arsenal,0,0,D
43952,E0,2009,2010-01-27,Blackburn,Wigan,2,1,H
43953,E0,2009,2010-01-27,Chelsea,Birmingham,3,0,H
43954,E0,2009,2010-01-27,Everton,Sunderland,2,0,H
43955,E0,2009,2010-01-30,Birmingham,Tottenham,1,1,D
43956,E0,2009,2010-01-30,Burnley,Chelsea,1,2,A
43957,E0,2009,2010-01-30,Fulham,Aston Villa,0,2,A
43958,E0,2009,2010-01-30,Hull,Wolves,2,2,D
43959,E0,2009,2010-01-30,Liverpool,Bolton,2,0,H
43960,E0,2009,2010-01-30,West Ham,Blackburn,0,0,D
43961,E0,2009,2010-01-30,Wigan,Everton,0,1,A
43962,E0,2009,2010-01-31,Arsenal,Man United,1,3,A
43963,E0,2009,2010-01-31,Man City,Portsmouth,2,0,H
43964,E0,2009,2010-02-01,Sunderland,Stoke,0,0,D
43965,E0,2009,2010-02-02,Hull,Chelsea,1,1,D
43966,E0,2009,2010-02-03,Fulham,Portsmouth,1,0,H
43967,E0,2009,2010-02-06,Bolton,Fulham,0,0,D
43968,E0,2009,2010-02-06,Burnley,West Ham,2,1,H
43969,E0,2009,2010-02-06,Hull,Man City,2,1,H
43970,E0,2009,2010-02-06,Liverpool,Everton,1,0,H
43971,E0,2009,2010-02-06,Man United,Portsmouth,5,0,H
43972,E0,2009,2010-02-06,Stoke,Blackburn,3,0,H
43973,E0,2009,2010-02-06,Sunderland,Wigan,1,1,D
43974,E0,2009,2010-02-06,Tottenham,Aston Villa,0,0,D
43975,E0,2009,2010-02-07,Birmingham,Wolves,2,1,H
43976,E0,2009,2010-02-07,Chelsea,Arsenal,2,0,H
43977,E0,2009,2010-02-09,Fulham,Burnley,3,0,H
43978,E0,2009,2010-02-09,Man City,Bolton,2,0,H
43979,E0,2009,2010-02-09,Portsmouth,Sunderland,1,1,D
43980,E0,2009,2010-02-09,Wigan,Stoke,1,1,D
43981,E0,2009,2010-02-10,Arsenal,Liverpool,1,0,H
43982,E0,2009,2010-02-10,Aston Villa,Man United,1,1,D
43983,E0,2009,2010-02-10,Blackburn,Hull,1,0,H
43984,E0,2009,2010-02-10,Everton,Chelsea,2,1,H
43985,E0,2009,2010-02-10,West Ham,Birmingham,2,0,H
43986,E0,2009,2010-02-10,Wolves,Tottenham,1,0,H
43987,E0,2009,2010-02-16,Stoke,Man City,1,1,D
43988,E0,2009,2010-02-17,Wigan,Bolton,0,0,D
43989,E0,2009,2010-02-20,Arsenal,Sunderland,2,0,H
43990,E0,2009,2010-02-20,Everton,Man United,3,1,H
43991,E0,2009,2010-02-20,Portsmouth,Stoke,1,2,A
43992,E0,2009,2010-02-20,West Ham,Hull,3,0,H
43993,E0,2009,2010-02-20,Wolves,Chelsea,0,2,A
43994,E0,2009,2010-02-21,Aston Villa,Burnley,5,2,H
43995,E0,2009,2010-02-21,Blackburn,Bolton,3,0,H
43996,E0,2009,2010-02-21,Fulham,Birmingham,2,1,H
43997,E0,2009,2010-02-21,Man City,Liverpool,0,0,D
43998,E0,2009,2010-02-21,Wigan,Tottenham,0,3,A
43999,E0,2009,2010-02-23,Man United,West Ham,3,0,H
44000,E0,2009,2010-02-27,Birmingham,Wigan,1,0,H
44001,E0,2009,2010-02-27,Bolton,Wolves,1,0,H
44002,E0,2009,2010-02-27,Burnley,Portsmouth,1,2,A
44003,E0,2009,2010-02-27,Chelsea,Man City,2,4,A
44004,E0,2009,2010-02-27,Stoke,Arsenal,1,3,A
44005,E0,2009,2010-02-28,Liverpool,Blackburn,2,1,H
44006,E0,2009,2010-02-28,Sunderland,Fulham,0,0,D
44007,E0,2009,2010-02-28,Tottenham,Everton,2,1,H
44008,E0,2009,2010-03-06,Arsenal,Burnley,3,1,H
44009,E0,2009,2010-03-06,West Ham,Bolton,1,2,A
44010,E0,2009,2010-03-06,Wolves,Man United,0,1,A
44011,E0,2009,2010-03-07,Everton,Hull,5,1,H
44012,E0,2009,2010-03-08,Wigan,Liverpool,1,0,H
44013,E0,2009,2010-03-09,Portsmouth,Birmingham,1,2,A
44014,E0,2009,2010-03-09,Sunderland,Bolton,4,0,H
44015,E0,2009,2010-03-10,Burnley,Stoke,1,1,D
44016,E0,2009,2010-03-13,Birmingham,Everton,2,2,D
44017,E0,2009,2010-03-13,Bolton,Wigan,4,0,H
44018,E0,2009,2010-03-13,Burnley,Wolves,1,2,A
44019,E0,2009,2010-03-13,Chelsea,West Ham,4,1,H
44020,E0,2009,2010-03-13,Hull,Arsenal,1,2,A
44021,E0,2009,2010-03-13,Stoke,Aston Villa,0,0,D
44022,E0,2009,2010-03-13,Tottenham,Blackburn,3,1,H
44023,E0,2009,2010-03-14,Man United,Fulham,3,0,H
44024,E0,2009,2010-03-14,Sunderland,Man City,1,1,D
44025,E0,2009,2010-03-15,Liverpool,Portsmouth,4,1,H
44026,E0,2009,2010-03-16,Wigan,Aston Villa,1,2,A
44027,E0,2009,2010-03-20,Arsenal,West Ham,2,0,H
44028,E0,2009,2010-03-20,Aston Villa,Wolves,2,2,D
44029,E0,2009,2010-03-20,Everton,Bolton,2,0,H
44030,E0,2009,2010-03-20,Portsmouth,Hull,3,2,H
44031,E0,2009,2010-03-20,Stoke,Tottenham,1,2,A
44032,E0,2009,2010-03-20,Sunderland,Birmingham,3,1,H
44033,E0,2009,2010-03-20,Wigan,Burnley,1,0,H
44034,E0,2009,2010-03-21,Blackburn,Chelsea,1,1,D
44035,E0,2009,2010-03-21,Fulham,Man City,1,2,A
44036,E0,2009,2010-03-21,Man United,Liverpool,2,1,H
44037,E0,2009,2010-03-23,West Ham,Wolves,1,3,A
44038,E0,2009,2010-03-24,Aston Villa,Sunderland,1,1,D
44039,E0,2009,2010-03-24,Blackburn,Birmingham,2,1,H
44040,E0,2009,2010-03-24,Man City,Everton,0,2,A
44041,E0,2009,2010-03-24,Portsmouth,Chelsea,0,5,A
44042,E0,2009,2010-03-27,Birmingham,Arsenal,1,1,D
44043,E0,2009,2010-03-27,Bolton,Man United,0,4,A
44044,E0,2009,2010-03-27,Chelsea,Aston Villa,7,1,H
44045,E0,2009,2010-03-27,Hull,Fulham,2,0,H
44046,E0,2009,2010-03-27,Tottenham,Portsmouth,2,0,H
44047,E0,2009,2010-03-27,West Ham,Stoke,0,1,A
44048,E0,2009,2010-03-27,Wolves,Everton,0,0,D
44049,E0,2009,2010-03-28,Burnley,Blackburn,0,1,A
44050,E0,2009,2010-03-28,Liverpool,Sunderland,3,0,H
44051,E0,2009,2010-03-29,Man City,Wigan,3,0,H
44052,E0,2009,2010-04-03,Arsenal,Wolves,1,0,H
44053,E0,2009,2010-04-03,Bolton,Aston Villa,0,1,A
44054,E0,2009,2010-04-03,Burnley,Man City,1,6,A
44055,E0,2009,2010-04-03,Man United,Chelsea,1,2,A
44056,E0,2009,2010-04-03,Portsmouth,Blackburn,0,0,D
44057,E0,2009,2010-04-03,Stoke,Hull,2,0,H
44058,E0,2009,2010-04-03,Sunderland,Tottenham,3,1,H
44059,E0,2009,2010-04-04,Birmingham,Liverpool,1,1,D
44060,E0,2009,2010-04-04,Everton,West Ham,2,2,D
44061,E0,2009,2010-04-04,Fulham,Wigan,2,1,H
44062,E0,2009,2010-04-10,Hull,Burnley,1,4,A
44063,E0,2009,2010-04-10,West Ham,Sunderland,1,0,H
44064,E0,2009,2010-04-11,Blackburn,Man United,0,0,D
44065,E0,2009,2010-04-11,Liverpool,Fulham,0,0,D
44066,E0,2009,2010-04-11,Man City,Birmingham,5,1,H
44067,E0,2009,2010-04-11,Wolves,Stoke,0,0,D
44068,E0,2009,2010-04-13,Chelsea,Bolton,1,0,H
44069,E0,2009,2010-04-14,Aston Villa,Everton,2,2,D
44070,E0,2009,2010-04-14,Tottenham,Arsenal,2,1,H
44071,E0,2009,2010-04-14,Wigan,Portsmouth,0,0,D
44072,E0,2009,2010-04-17,Birmingham,Hull,0,0,D
44073,E0,2009,2010-04-17,Blackburn,Everton,2,3,A
44074,E0,2009,2010-04-17,Fulham,Wolves,0,0,D
44075,E0,2009,2010-04-17,Man City,Man United,0,1,A
44076,E0,2009,2010-04-17,Stoke,Bolton,1,2,A
44077,E0,2009,2010-04-17,Sunderland,Burnley,2,1,H
44078,E0,2009,2010-04-17,Tottenham,Chelsea,2,1,H
44079,E0,2009,2010-04-18,Portsmouth,Aston Villa,1,2,A
44080,E0,2009,2010-04-18,Wigan,Arsenal,3,2,H
44081,E0,2009,2010-04-19,Liverpool,West Ham,3,0,H
44082,E0,2009,2010-04-21,Hull,Aston Villa,0,2,A
44083,E0,2009,2010-04-24,Arsenal,Man City,0,0,D
44084,E0,2009,2010-04-24,Bolton,Portsmouth,2,2,D
44085,E0,2009,2010-04-24,Hull,Sunderland,0,1,A
44086,E0,2009,2010-04-24,Man United,Tottenham,3,1,H
44087,E0,2009,2010-04-24,West Ham,Wigan,3,2,H
44088,E0,2009,2010-04-24,Wolves,Blackburn,1,1,D
44089,E0,2009,2010-04-25,Aston Villa,Birmingham,1,0,H
44090,E0,2009,2010-04-25,Burnley,Liverpool,0,4,A
44091,E0,2009,2010-04-25,Chelsea,Stoke,7,0,H
44092,E0,2009,2010-04-25,Everton,Fulham,2,1,H
44093,E0,2009,2010-05-01,Birmingham,Burnley,2,1,H
44094,E0,2009,2010-05-01,Man City,Aston Villa,3,1,H
44095,E0,2009,2010-05-01,Portsmouth,Wolves,3,1,H
44096,E0,2009,2010-05-01,Stoke,Everton,0,0,D
44097,E0,2009,2010-05-01,Tottenham,Bolton,1,0,H
44098,E0,2009,2010-05-02,Fulham,West Ham,3,2,H
44099,E0,2009,2010-05-02,Liverpool,Chelsea,0,2,A
44100,E0,2009,2010-05-02,Sunderland,Man United,0,1,A
44101,E0,2009,2010-05-03,Blackburn,Arsenal,2,1,H
44102,E0,2009,2010-05-03,Wigan,Hull,2,2,D
44103,E0,2009,2010-05-05,Fulham,Stoke,0,1,A
44104,E0,2009,2010-05-05,Man City,Tottenham,0,1,A
44105,E0,2009,2010-05-09,Arsenal,Fulham,4,0,H
44106,E0,2009,2010-05-09,Aston Villa,Blackburn,0,1,A
44107,E0,2009,2010-05-09,Bolton,Birmingham,2,1,H
44108,E0,2009,2010-05-09,Burnley,Tottenham,4,2,H
44109,E0,2009,2010-05-09,Chelsea,Wigan,8,0,H
44110,E0,2009,2010-05-09,Everton,Portsmouth,1,0,H
44111,E0,2009,2010-05-09,Hull,Liverpool,0,0,D
44112,E0,2009,2010-05-09,Man United,Stoke,4,0,H
44113,E0,2009,2010-05-09,West Ham,Man City,1,1,D
44114,E0,2009,2010-05-09,Wolves,Sunderland,2,1,H
