Match_ID,Div,Season,Date,HomeTeam,AwayTeam,FTHG,FTAG,FTR
31369,D1,1995,1995-08-11,Dortmund,Kaiserslautern,1,1,D
31370,D1,1995,1995-08-11,Stuttgart,Uerdingen,0,0,D
31371,D1,1995,1995-08-11,Werder Bremen,Dusseldorf,1,1,D
31372,D1,1995,1995-08-12,Bayern Munich,Hamburg,3,2,H
31373,D1,1995,1995-08-12,Ein Frankfurt,Karlsruhe,2,2,D
31374,D1,1995,1995-08-12,FC Koln,Schalke 04,0,1,A
31375,D1,1995,1995-08-12,Hansa Rostock,Leverkusen,1,2,A
31376,D1,1995,1995-08-12,St Pauli,Munich 1860,4,2,H
31377,D1,1995,1995-08-13,M'gladbach,Freiburg,1,0,H
31378,D1,1995,1995-08-18,Freiburg,St Pauli,0,2,A
31379,D1,1995,1995-08-18,Hamburg,Werder Bremen,3,3,D
31380,D1,1995,1995-08-18,Schalke 04,Hansa Rostock,1,3,A
31381,D1,1995,1995-08-19,Kaiserslautern,M'gladbach,1,3,A
31382,D1,1995,1995-08-19,Karlsruhe,Bayern Munich,2,6,A
31383,D1,1995,1995-08-19,Leverkusen,Dortmund,1,1,D
31384,D1,1995,1995-08-19,Munich 1860,Stuttgart,1,1,D
31385,D1,1995,1995-08-19,Uerdingen,Ein Frankfurt,1,1,D
31386,D1,1995,1995-08-20,Fortuna Dusseldorf,FC Koln,1,1,D
31387,D1,1995,1995-08-29,FC Koln,Hamburg,3,2,H
31388,D1,1995,1995-08-29,Hansa Rostock,Dortmund,3,2,H
31389,D1,1995,1995-08-29,M'gladbach,Leverkusen,0,0,D
31390,D1,1995,1995-08-29,St Pauli,Kaiserslautern,1,2,A
31391,D1,1995,1995-08-29,Werder Bremen,Karlsruhe,1,0,H
31392,D1,1995,1995-08-30,Bayern Munich,Uerdingen,2,0,H
31393,D1,1995,1995-08-30,Ein Frankfurt,Munich 1860,4,2,H
31394,D1,1995,1995-08-30,Schalke 04,Dusseldorf,1,1,D
31395,D1,1995,1995-08-30,Stuttgart,Freiburg,3,1,H
31396,D1,1995,1995-09-01,Dortmund,M'gladbach,2,1,H
31397,D1,1995,1995-09-01,Karlsruhe,FC Koln,1,0,H
31398,D1,1995,1995-09-02,Fortuna Dusseldorf,Hansa Rostock,2,2,D
31399,D1,1995,1995-09-02,Freiburg,Ein Frankfurt,2,0,H
31400,D1,1995,1995-09-02,Hamburg,Schalke 04,1,1,D
31401,D1,1995,1995-09-02,Kaiserslautern,Stuttgart,1,1,D
31402,D1,1995,1995-09-02,Leverkusen,St Pauli,1,1,D
31403,D1,1995,1995-09-02,Munich 1860,Bayern Munich,0,2,A
31404,D1,1995,1995-09-02,Uerdingen,Werder Bremen,3,0,H
31405,D1,1995,1995-09-08,FC Koln,Uerdingen,0,0,D
31406,D1,1995,1995-09-08,Werder Bremen,Munich 1860,2,0,H
31407,D1,1995,1995-09-09,Bayern Munich,Freiburg,2,0,H
31408,D1,1995,1995-09-09,Fortuna Dusseldorf,Hamburg,2,2,D
31409,D1,1995,1995-09-09,Ein Frankfurt,Kaiserslautern,3,1,H
31410,D1,1995,1995-09-09,Hansa Rostock,M'gladbach,2,3,A
31411,D1,1995,1995-09-09,Schalke 04,Karlsruhe,2,1,H
31412,D1,1995,1995-09-09,St Pauli,Dortmund,0,3,A
31413,D1,1995,1995-09-09,Stuttgart,Leverkusen,1,4,A
31414,D1,1995,1995-09-15,Kaiserslautern,Bayern Munich,2,3,A
31415,D1,1995,1995-09-15,Karlsruhe,Dusseldorf,3,1,H
31416,D1,1995,1995-09-16,Dortmund,Stuttgart,6,3,H
31417,D1,1995,1995-09-16,Freiburg,Werder Bremen,0,1,A
31418,D1,1995,1995-09-16,Leverkusen,Ein Frankfurt,2,0,H
31419,D1,1995,1995-09-16,Munich 1860,FC Koln,2,1,H
31420,D1,1995,1995-09-16,Uerdingen,Schalke 04,1,1,D
31421,D1,1995,1995-09-17,Hamburg,Hansa Rostock,1,1,D
31422,D1,1995,1995-09-17,M'gladbach,St Pauli,2,4,A
31423,D1,1995,1995-09-22,Fortuna Dusseldorf,Uerdingen,1,0,H
31424,D1,1995,1995-09-22,Ein Frankfurt,Dortmund,3,4,A
31425,D1,1995,1995-09-23,Bayern Munich,Leverkusen,1,0,H
31426,D1,1995,1995-09-23,FC Koln,Freiburg,1,1,D
31427,D1,1995,1995-09-23,Hamburg,Karlsruhe,0,0,D
31428,D1,1995,1995-09-23,Hansa Rostock,St Pauli,2,0,H
31429,D1,1995,1995-09-23,Stuttgart,M'gladbach,5,0,H
31430,D1,1995,1995-09-23,Werder Bremen,Kaiserslautern,1,1,D
31431,D1,1995,1995-09-24,Schalke 04,Munich 1860,1,1,D
31432,D1,1995,1995-09-29,St Pauli,Stuttgart,1,3,A
31433,D1,1995,1995-09-29,Uerdingen,Hamburg,1,1,D
31434,D1,1995,1995-09-30,Freiburg,Schalke 04,1,2,A
31435,D1,1995,1995-09-30,Kaiserslautern,FC Koln,1,1,D
31436,D1,1995,1995-09-30,Karlsruhe,Hansa Rostock,0,2,A
31437,D1,1995,1995-09-30,Leverkusen,Werder Bremen,2,2,D
31438,D1,1995,1995-09-30,Munich 1860,Dusseldorf,2,1,H
31439,D1,1995,1995-10-01,Dortmund,Bayern Munich,3,1,H
31440,D1,1995,1995-10-01,M'gladbach,Ein Frankfurt,4,1,H
31441,D1,1995,1995-10-13,Hansa Rostock,Stuttgart,3,3,D
31442,D1,1995,1995-10-13,Schalke 04,Kaiserslautern,1,1,D
31443,D1,1995,1995-10-14,Bayern Munich,M'gladbach,1,2,A
31444,D1,1995,1995-10-14,Fortuna Dusseldorf,Freiburg,0,0,D
31445,D1,1995,1995-10-14,Ein Frankfurt,St Pauli,2,2,D
31446,D1,1995,1995-10-14,Hamburg,Munich 1860,2,2,D
31447,D1,1995,1995-10-14,Karlsruhe,Uerdingen,2,0,H
31448,D1,1995,1995-10-14,Werder Bremen,Dortmund,2,2,D
31449,D1,1995,1995-10-15,FC Koln,Leverkusen,2,2,D
31450,D1,1995,1995-10-20,Leverkusen,Schalke 04,0,0,D
31451,D1,1995,1995-10-20,Uerdingen,Hansa Rostock,1,1,D
31452,D1,1995,1995-10-21,Dortmund,FC Koln,3,0,H
31453,D1,1995,1995-10-21,Freiburg,Hamburg,0,3,A
31454,D1,1995,1995-10-21,Kaiserslautern,Dusseldorf,2,0,H
31455,D1,1995,1995-10-21,Munich 1860,Karlsruhe,1,1,D
31456,D1,1995,1995-10-21,St Pauli,Bayern Munich,0,1,A
31457,D1,1995,1995-10-21,Stuttgart,Ein Frankfurt,3,2,H
31458,D1,1995,1995-10-22,M'gladbach,Werder Bremen,1,0,H
31459,D1,1995,1995-10-27,FC Koln,M'gladbach,0,2,A
31460,D1,1995,1995-10-27,Karlsruhe,Freiburg,1,1,D
31461,D1,1995,1995-10-28,Bayern Munich,Stuttgart,5,3,H
31462,D1,1995,1995-10-28,Fortuna Dusseldorf,Leverkusen,1,1,D
31463,D1,1995,1995-10-28,Hamburg,Kaiserslautern,1,0,H
31464,D1,1995,1995-10-28,Hansa Rostock,Ein Frankfurt,1,1,D
31465,D1,1995,1995-10-28,Schalke 04,Dortmund,1,2,A
31466,D1,1995,1995-10-28,Werder Bremen,St Pauli,1,1,D
31467,D1,1995,1995-10-29,Uerdingen,Munich 1860,2,0,H
31468,D1,1995,1995-11-03,Leverkusen,Hamburg,0,1,A
31469,D1,1995,1995-11-03,St Pauli,FC Koln,3,3,D
31470,D1,1995,1995-11-04,Dortmund,Dusseldorf,3,0,H
31471,D1,1995,1995-11-04,Ein Frankfurt,Bayern Munich,4,1,H
31472,D1,1995,1995-11-04,Freiburg,Uerdingen,1,1,D
31473,D1,1995,1995-11-04,Kaiserslautern,Karlsruhe,2,2,D
31474,D1,1995,1995-11-04,Munich 1860,Hansa Rostock,1,1,D
31475,D1,1995,1995-11-04,Stuttgart,Werder Bremen,1,1,D
31476,D1,1995,1995-11-05,M'gladbach,Schalke 04,4,1,H
31477,D1,1995,1995-11-10,Hamburg,Dortmund,2,2,D
31478,D1,1995,1995-11-10,Hansa Rostock,Bayern Munich,0,0,D
31479,D1,1995,1995-11-10,Uerdingen,Kaiserslautern,1,1,D
31480,D1,1995,1995-11-11,Fortuna Dusseldorf,M'gladbach,3,2,H
31481,D1,1995,1995-11-11,FC Koln,Stuttgart,2,2,D
31482,D1,1995,1995-11-11,Karlsruhe,Leverkusen,1,4,A
31483,D1,1995,1995-11-11,Munich 1860,Freiburg,3,0,H
31484,D1,1995,1995-11-11,Schalke 04,St Pauli,2,0,H
31485,D1,1995,1995-11-11,Werder Bremen,Ein Frankfurt,1,1,D
31486,D1,1995,1995-11-17,M'gladbach,Hamburg,1,2,A
31487,D1,1995,1995-11-17,St Pauli,Dusseldorf,2,1,H
31488,D1,1995,1995-11-18,Bayern Munich,Werder Bremen,2,0,H
31489,D1,1995,1995-11-18,Dortmund,Karlsruhe,4,1,H
31490,D1,1995,1995-11-18,Ein Frankfurt,FC Koln,1,0,H
31491,D1,1995,1995-11-18,Freiburg,Hansa Rostock,2,1,H
31492,D1,1995,1995-11-18,Kaiserslautern,Munich 1860,0,0,D
31493,D1,1995,1995-11-18,Leverkusen,Uerdingen,2,1,H
31494,D1,1995,1995-11-19,Stuttgart,Schalke 04,2,2,D
31495,D1,1995,1995-11-24,Fortuna Dusseldorf,Stuttgart,1,2,A
31496,D1,1995,1995-11-24,Hamburg,St Pauli,1,0,H
31497,D1,1995,1995-11-25,Kaiserslautern,Freiburg,1,2,A
31498,D1,1995,1995-11-25,Karlsruhe,M'gladbach,4,0,H
31499,D1,1995,1995-11-25,Munich 1860,Leverkusen,0,1,A
31500,D1,1995,1995-11-25,Schalke 04,Ein Frankfurt,2,0,H
31501,D1,1995,1995-11-25,Uerdingen,Dortmund,0,2,A
31502,D1,1995,1995-11-25,Werder Bremen,Hansa Rostock,0,2,A
31503,D1,1995,1995-11-26,FC Koln,Bayern Munich,0,0,D
31504,D1,1995,1995-12-01,Dortmund,Munich 1860,3,1,H
31505,D1,1995,1995-12-01,Leverkusen,Freiburg,0,1,A
31506,D1,1995,1995-12-01,Werder Bremen,FC Koln,0,1,A
31507,D1,1995,1995-12-02,Bayern Munich,Schalke 04,4,0,H
31508,D1,1995,1995-12-02,Ein Frankfurt,Dusseldorf,3,0,H
31509,D1,1995,1995-12-02,Hansa Rostock,Kaiserslautern,3,0,H
31510,D1,1995,1995-12-02,M'gladbach,Uerdingen,2,1,H
31511,D1,1995,1995-12-02,St Pauli,Karlsruhe,1,1,D
31512,D1,1995,1995-12-02,Stuttgart,Hamburg,3,0,H
31513,D1,1995,1995-12-08,Hamburg,Ein Frankfurt,5,1,H
31514,D1,1995,1995-12-08,Uerdingen,St Pauli,2,5,A
31515,D1,1995,1995-12-09,Fortuna Dusseldorf,Bayern Munich,0,2,A
31516,D1,1995,1995-12-09,Freiburg,Dortmund,0,1,A
31517,D1,1995,1995-12-09,Kaiserslautern,Leverkusen,1,0,H
31518,D1,1995,1995-12-09,Karlsruhe,Stuttgart,1,2,A
31519,D1,1995,1995-12-09,Munich 1860,M'gladbach,4,0,H
31520,D1,1995,1995-12-09,Schalke 04,Werder Bremen,2,1,H
31521,D1,1995,1995-12-10,FC Koln,Hansa Rostock,3,0,H
31522,D1,1995,1996-02-09,Freiburg,M'gladbach,0,0,D
31523,D1,1995,1996-02-10,Kaiserslautern,Dortmund,1,1,D
31524,D1,1995,1996-02-10,Karlsruhe,Ein Frankfurt,1,1,D
31525,D1,1995,1996-02-10,Munich 1860,St Pauli,2,0,H
31526,D1,1995,1996-02-11,Hamburg,Bayern Munich,2,1,H
31527,D1,1995,1996-02-14,FC Koln,Dusseldorf,0,0,D
31528,D1,1995,1996-02-16,Ein Frankfurt,Uerdingen,1,0,H
31529,D1,1995,1996-02-17,Bayern Munich,Karlsruhe,1,4,A
31530,D1,1995,1996-02-17,Stuttgart,Munich 1860,2,3,A
31531,D1,1995,1996-02-23,Kaiserslautern,St Pauli,0,0,D
31532,D1,1995,1996-02-23,Leverkusen,M'gladbach,0,0,D
31533,D1,1995,1996-02-24,Dortmund,Hansa Rostock,1,2,A
31534,D1,1995,1996-02-24,Fortuna Dusseldorf,Schalke 04,2,0,H
31535,D1,1995,1996-02-24,Freiburg,Stuttgart,2,1,H
31536,D1,1995,1996-02-24,Karlsruhe,Werder Bremen,1,1,D
31537,D1,1995,1996-02-24,Munich 1860,Ein Frankfurt,3,1,H
31538,D1,1995,1996-02-25,Uerdingen,Bayern Munich,1,6,A
31539,D1,1995,1996-03-01,Werder Bremen,Uerdingen,1,0,H
31540,D1,1995,1996-03-02,Bayern Munich,Munich 1860,4,2,H
31541,D1,1995,1996-03-02,Ein Frankfurt,Freiburg,0,1,A
31542,D1,1995,1996-03-02,FC Koln,Karlsruhe,0,1,A
31543,D1,1995,1996-03-02,M'gladbach,Dortmund,2,2,D
31544,D1,1995,1996-03-02,Schalke 04,Hamburg,3,0,H
31545,D1,1995,1996-03-02,Stuttgart,Kaiserslautern,2,0,H
31546,D1,1995,1996-03-03,Hansa Rostock,Dusseldorf,0,0,D
31547,D1,1995,1996-03-05,Schalke 04,FC Koln,0,0,D
31548,D1,1995,1996-03-05,St Pauli,Freiburg,1,1,D
31549,D1,1995,1996-03-05,Werder Bremen,Hamburg,2,1,H
31550,D1,1995,1996-03-08,Hamburg,Dusseldorf,4,1,H
31551,D1,1995,1996-03-08,Leverkusen,Stuttgart,0,0,D
31552,D1,1995,1996-03-09,Dortmund,St Pauli,1,0,H
31553,D1,1995,1996-03-09,Freiburg,Bayern Munich,3,1,H
31554,D1,1995,1996-03-09,Kaiserslautern,Ein Frankfurt,1,1,D
31555,D1,1995,1996-03-09,Karlsruhe,Schalke 04,0,1,A
31556,D1,1995,1996-03-09,Munich 1860,Werder Bremen,1,1,D
31557,D1,1995,1996-03-09,Uerdingen,FC Koln,1,1,D
31558,D1,1995,1996-03-10,M'gladbach,Hansa Rostock,3,2,H
31559,D1,1995,1996-03-12,Fortuna Dusseldorf,Werder Bremen,1,1,D
31560,D1,1995,1996-03-15,FC Koln,Munich 1860,2,0,H
31561,D1,1995,1996-03-15,Werder Bremen,Freiburg,0,2,A
31562,D1,1995,1996-03-16,Bayern Munich,Kaiserslautern,2,0,H
31563,D1,1995,1996-03-16,Ein Frankfurt,Leverkusen,1,1,D
31564,D1,1995,1996-03-16,Schalke 04,Uerdingen,1,1,D
31565,D1,1995,1996-03-16,St Pauli,M'gladbach,0,2,A
31566,D1,1995,1996-03-16,Stuttgart,Dortmund,0,5,A
31567,D1,1995,1996-03-17,Fortuna Dusseldorf,Karlsruhe,2,0,H
31568,D1,1995,1996-03-19,Hamburg,FC Koln,0,0,D
31569,D1,1995,1996-03-19,Leverkusen,Hansa Rostock,2,0,H
31570,D1,1995,1996-03-19,Uerdingen,Stuttgart,3,4,A
31571,D1,1995,1996-03-22,Karlsruhe,Hamburg,3,1,H
31572,D1,1995,1996-03-22,Munich 1860,Schalke 04,1,1,D
31573,D1,1995,1996-03-23,Dortmund,Ein Frankfurt,6,0,H
31574,D1,1995,1996-03-23,Freiburg,FC Koln,2,0,H
31575,D1,1995,1996-03-23,Kaiserslautern,Werder Bremen,0,0,D
31576,D1,1995,1996-03-23,Leverkusen,Bayern Munich,1,2,A
31577,D1,1995,1996-03-23,Uerdingen,Dusseldorf,1,3,A
31578,D1,1995,1996-03-24,M'gladbach,Stuttgart,1,1,D
31579,D1,1995,1996-03-24,St Pauli,Hansa Rostock,3,2,H
31580,D1,1995,1996-03-29,FC Koln,Kaiserslautern,0,1,A
31581,D1,1995,1996-03-29,Hamburg,Uerdingen,0,0,D
31582,D1,1995,1996-03-30,Bayern Munich,Dortmund,1,0,H
31583,D1,1995,1996-03-30,Ein Frankfurt,M'gladbach,0,2,A
31584,D1,1995,1996-03-30,Hansa Rostock,Karlsruhe,1,1,D
31585,D1,1995,1996-03-30,Schalke 04,Freiburg,3,0,H
31586,D1,1995,1996-03-30,Stuttgart,St Pauli,1,1,D
31587,D1,1995,1996-03-30,Werder Bremen,Leverkusen,2,1,H
31588,D1,1995,1996-03-31,Fortuna Dusseldorf,Munich 1860,1,1,D
31589,D1,1995,1996-04-02,St Pauli,Leverkusen,2,1,H
31590,D1,1995,1996-04-04,Kaiserslautern,Schalke 04,0,0,D
31591,D1,1995,1996-04-04,Stuttgart,Hansa Rostock,1,1,D
31592,D1,1995,1996-04-04,Uerdingen,Karlsruhe,2,3,A
31593,D1,1995,1996-04-06,Dortmund,Werder Bremen,1,1,D
31594,D1,1995,1996-04-06,Freiburg,Dusseldorf,1,1,D
31595,D1,1995,1996-04-06,Leverkusen,FC Koln,1,2,A
31596,D1,1995,1996-04-06,Munich 1860,Hamburg,5,0,H
31597,D1,1995,1996-04-06,St Pauli,Ein Frankfurt,2,1,H
31598,D1,1995,1996-04-07,M'gladbach,Bayern Munich,3,1,H
31599,D1,1995,1996-04-09,Ein Frankfurt,Stuttgart,2,2,D
31600,D1,1995,1996-04-09,FC Koln,Dortmund,0,0,D
31601,D1,1995,1996-04-09,Hansa Rostock,Uerdingen,1,0,H
31602,D1,1995,1996-04-09,Karlsruhe,Munich 1860,1,1,D
31603,D1,1995,1996-04-09,Schalke 04,Leverkusen,1,1,D
31604,D1,1995,1996-04-10,Bayern Munich,St Pauli,1,1,D
31605,D1,1995,1996-04-10,Fortuna Dusseldorf,Kaiserslautern,2,1,H
31606,D1,1995,1996-04-10,Hamburg,Freiburg,0,0,D
31607,D1,1995,1996-04-10,Werder Bremen,M'gladbach,2,0,H
31608,D1,1995,1996-04-12,Ein Frankfurt,Hansa Rostock,1,3,A
31609,D1,1995,1996-04-12,Munich 1860,Uerdingen,2,1,H
31610,D1,1995,1996-04-13,Dortmund,Schalke 04,0,0,D
31611,D1,1995,1996-04-13,Freiburg,Karlsruhe,0,3,A
31612,D1,1995,1996-04-13,Kaiserslautern,Hamburg,1,2,A
31613,D1,1995,1996-04-13,M'gladbach,FC Koln,2,1,H
31614,D1,1995,1996-04-13,St Pauli,Werder Bremen,1,2,A
31615,D1,1995,1996-04-13,Stuttgart,Bayern Munich,0,1,A
31616,D1,1995,1996-04-14,Leverkusen,Dusseldorf,0,0,D
31617,D1,1995,1996-04-16,M'gladbach,Kaiserslautern,1,1,D
31618,D1,1995,1996-04-17,Hansa Rostock,Hamburg,2,0,H
31619,D1,1995,1996-04-19,Karlsruhe,Kaiserslautern,0,0,D
31620,D1,1995,1996-04-19,Uerdingen,Freiburg,3,1,H
31621,D1,1995,1996-04-20,Bayern Munich,Ein Frankfurt,1,1,D
31622,D1,1995,1996-04-20,Fortuna Dusseldorf,Dortmund,1,2,A
31623,D1,1995,1996-04-20,FC Koln,St Pauli,1,0,H
31624,D1,1995,1996-04-20,Hansa Rostock,Munich 1860,0,3,A
31625,D1,1995,1996-04-20,Werder Bremen,Stuttgart,2,2,D
31626,D1,1995,1996-04-21,Schalke 04,M'gladbach,3,3,D
31627,D1,1995,1996-04-24,Hamburg,Leverkusen,2,2,D
31628,D1,1995,1996-04-26,Kaiserslautern,Uerdingen,3,0,H
31629,D1,1995,1996-04-26,St Pauli,Schalke 04,2,0,H
31630,D1,1995,1996-04-27,Bayern Munich,Hansa Rostock,0,1,A
31631,D1,1995,1996-04-27,Dortmund,Hamburg,1,1,D
31632,D1,1995,1996-04-27,Ein Frankfurt,Werder Bremen,1,0,H
31633,D1,1995,1996-04-27,Freiburg,Munich 1860,1,0,H
31634,D1,1995,1996-04-27,Leverkusen,Karlsruhe,1,2,A
31635,D1,1995,1996-04-27,Stuttgart,FC Koln,0,1,A
31636,D1,1995,1996-04-28,M'gladbach,Dusseldorf,1,1,D
31637,D1,1995,1996-04-30,Hansa Rostock,Freiburg,1,0,H
31638,D1,1995,1996-04-30,Karlsruhe,Dortmund,5,0,H
31639,D1,1995,1996-04-30,Schalke 04,Stuttgart,2,0,H
31640,D1,1995,1996-04-30,Uerdingen,Leverkusen,3,0,H
31641,D1,1995,1996-05-01,Fortuna Dusseldorf,St Pauli,2,0,H
31642,D1,1995,1996-05-01,FC Koln,Ein Frankfurt,3,0,H
31643,D1,1995,1996-05-01,Hamburg,M'gladbach,2,1,H
31644,D1,1995,1996-05-03,Dortmund,Uerdingen,5,0,H
31645,D1,1995,1996-05-03,Freiburg,Kaiserslautern,0,0,D
31646,D1,1995,1996-05-04,Bayern Munich,FC Koln,3,2,H
31647,D1,1995,1996-05-04,Ein Frankfurt,Schalke 04,0,3,A
31648,D1,1995,1996-05-04,Hansa Rostock,Werder Bremen,2,1,H
31649,D1,1995,1996-05-04,Leverkusen,Munich 1860,2,1,H
31650,D1,1995,1996-05-04,M'gladbach,Karlsruhe,1,2,A
31651,D1,1995,1996-05-04,Stuttgart,Dusseldorf,2,3,A
31652,D1,1995,1996-05-05,St Pauli,Hamburg,1,1,D
31653,D1,1995,1996-05-07,Dortmund,Leverkusen,2,0,H
31654,D1,1995,1996-05-07,Hansa Rostock,Schalke 04,1,2,A
31655,D1,1995,1996-05-07,Munich 1860,Kaiserslautern,1,1,D
31656,D1,1995,1996-05-07,Werder Bremen,Bayern Munich,3,2,H
31657,D1,1995,1996-05-11,Fortuna Dusseldorf,Ein Frankfurt,2,2,D
31658,D1,1995,1996-05-11,FC Koln,Werder Bremen,1,2,A
31659,D1,1995,1996-05-11,Freiburg,Leverkusen,2,1,H
31660,D1,1995,1996-05-11,Hamburg,Stuttgart,3,0,H
31661,D1,1995,1996-05-11,Kaiserslautern,Hansa Rostock,2,0,H
31662,D1,1995,1996-05-11,Karlsruhe,St Pauli,2,2,D
31663,D1,1995,1996-05-11,Munich 1860,Dortmund,2,2,D
31664,D1,1995,1996-05-11,Schalke 04,Bayern Munich,2,1,H
31665,D1,1995,1996-05-11,Uerdingen,M'gladbach,0,2,A
31666,D1,1995,1996-05-18,Bayern Munich,Dusseldorf,2,2,D
31667,D1,1995,1996-05-18,Dortmund,Freiburg,3,2,H
31668,D1,1995,1996-05-18,Ein Frankfurt,Hamburg,1,4,A
31669,D1,1995,1996-05-18,Hansa Rostock,FC Koln,0,1,A
31670,D1,1995,1996-05-18,Leverkusen,Kaiserslautern,1,1,D
31671,D1,1995,1996-05-18,M'gladbach,Munich 1860,0,2,A
31672,D1,1995,1996-05-18,St Pauli,Uerdingen,0,2,A
31673,D1,1995,1996-05-18,Stuttgart,Karlsruhe,3,1,H
31674,D1,1995,1996-05-18,Werder Bremen,Schalke 04,1,2,A
31675,D2,1995,1995-08-04,Bielefeld,Lubeck,2,1,H
31676,D2,1995,1995-08-04,Chemnitz,RB Leipzig,1,2,A
31677,D2,1995,1995-08-04,CZ Jena,Zwickau,2,0,H
31678,D2,1995,1995-08-04,Duisburg,Bochum,0,0,D
31679,D2,1995,1995-08-05,Mainz,Hannover,0,2,A
31680,D2,1995,1995-08-05,Mannheim,F Koln,2,0,H
31681,D2,1995,1995-08-05,Unterhaching,Meppen,1,1,D
31682,D2,1995,1995-08-05,Wattenscheid,Nurnberg,1,2,A
31683,D2,1995,1995-08-05,Wolfsburg,Hertha,1,4,A
31684,D2,1995,1995-08-08,Hannover,Duisburg,2,2,D
31685,D2,1995,1995-08-08,Hertha,Unterhaching,1,0,H
31686,D2,1995,1995-08-08,Lubeck,Mainz,3,0,H
31687,D2,1995,1995-08-08,Meppen,CZ Jena,1,1,D
31688,D2,1995,1995-08-09,Bochum,Mannheim,3,1,H
31689,D2,1995,1995-08-09,F Koln,Wattenscheid,2,0,H
31690,D2,1995,1995-08-09,RB Leipzig,Bielefeld,0,0,D
31691,D2,1995,1995-08-09,Nurnberg,Wolfsburg,0,0,D
31692,D2,1995,1995-08-09,Zwickau,Chemnitz,1,0,H
31693,D2,1995,1995-08-11,CZ Jena,Hertha,0,3,A
31694,D2,1995,1995-08-11,Duisburg,Lubeck,2,1,H
31695,D2,1995,1995-08-12,Bielefeld,Zwickau,4,0,H
31696,D2,1995,1995-08-12,Chemnitz,Meppen,2,0,H
31697,D2,1995,1995-08-13,Mainz,RB Leipzig,0,1,A
31698,D2,1995,1995-08-13,Mannheim,Wattenscheid,5,2,H
31699,D2,1995,1995-08-13,Unterhaching,Nurnberg,0,0,D
31700,D2,1995,1995-08-13,Wolfsburg,F Koln,1,3,A
31701,D2,1995,1995-08-14,Bochum,Hannover,1,0,H
31702,D2,1995,1995-08-18,Hannover,Mannheim,1,0,H
31703,D2,1995,1995-08-18,RB Leipzig,Duisburg,2,2,D
31704,D2,1995,1995-08-19,F Koln,Unterhaching,0,2,A
31705,D2,1995,1995-08-19,Zwickau,Mainz,3,0,H
31706,D2,1995,1995-08-20,Lubeck,Bochum,3,0,H
31707,D2,1995,1995-08-20,Meppen,Bielefeld,2,2,D
31708,D2,1995,1995-08-20,Wattenscheid,Wolfsburg,1,2,A
31709,D2,1995,1995-08-21,Nurnberg,CZ Jena,0,2,A
31710,D2,1995,1995-08-29,Bielefeld,Hertha,1,0,H
31711,D2,1995,1995-08-29,Bochum,RB Leipzig,3,0,H
31712,D2,1995,1995-08-29,Chemnitz,Nurnberg,1,1,D
31713,D2,1995,1995-08-29,CZ Jena,F Koln,1,0,H
31714,D2,1995,1995-08-29,Duisburg,Zwickau,3,0,H
31715,D2,1995,1995-08-29,Unterhaching,Wattenscheid,1,0,H
31716,D2,1995,1995-08-30,Hannover,Lubeck,0,0,D
31717,D2,1995,1995-08-30,Mainz,Meppen,0,0,D
31718,D2,1995,1995-08-30,Mannheim,Wolfsburg,3,0,H
31719,D2,1995,1995-09-01,F Koln,Chemnitz,1,2,A
31720,D2,1995,1995-09-01,Nurnberg,Bielefeld,0,2,A
31721,D2,1995,1995-09-02,Hertha,Mainz,2,0,H
31722,D2,1995,1995-09-02,RB Leipzig,Hannover,1,0,H
31723,D2,1995,1995-09-02,Wolfsburg,Unterhaching,3,1,H
31724,D2,1995,1995-09-03,Lubeck,Mannheim,3,1,H
31725,D2,1995,1995-09-03,Meppen,Duisburg,1,1,D
31726,D2,1995,1995-09-03,Wattenscheid,CZ Jena,1,1,D
31727,D2,1995,1995-09-08,Bochum,Meppen,4,1,H
31728,D2,1995,1995-09-08,Duisburg,Hertha,2,0,H
31729,D2,1995,1995-09-09,Chemnitz,Wattenscheid,2,0,H
31730,D2,1995,1995-09-09,Mainz,Nurnberg,0,2,A
31731,D2,1995,1995-09-09,Mannheim,Unterhaching,0,1,A
31732,D2,1995,1995-09-10,CZ Jena,Wolfsburg,1,1,D
31733,D2,1995,1995-09-10,Hannover,Zwickau,1,1,D
31734,D2,1995,1995-09-10,Lubeck,RB Leipzig,0,2,A
31735,D2,1995,1995-09-11,Bielefeld,F Koln,2,1,H
31736,D2,1995,1995-09-14,Wolfsburg,Chemnitz,1,1,D
31737,D2,1995,1995-09-15,Nurnberg,Duisburg,0,0,D
31738,D2,1995,1995-09-15,Unterhaching,CZ Jena,2,0,H
31739,D2,1995,1995-09-16,Hertha,Bochum,0,2,A
31740,D2,1995,1995-09-16,RB Leipzig,Mannheim,2,0,H
31741,D2,1995,1995-09-16,Meppen,Hannover,0,0,D
31742,D2,1995,1995-09-16,Wattenscheid,Bielefeld,3,2,H
31743,D2,1995,1995-09-17,F Koln,Mainz,1,0,H
31744,D2,1995,1995-09-17,Zwickau,Lubeck,1,0,H
31745,D2,1995,1995-09-22,Bochum,Nurnberg,4,0,H
31746,D2,1995,1995-09-23,Hannover,Hertha,1,0,H
31747,D2,1995,1995-09-23,RB Leipzig,Zwickau,2,0,H
31748,D2,1995,1995-09-23,Mainz,Wattenscheid,2,0,H
31749,D2,1995,1995-09-24,Bielefeld,Wolfsburg,1,0,H
31750,D2,1995,1995-09-24,Chemnitz,Unterhaching,2,0,H
31751,D2,1995,1995-09-24,Lubeck,Meppen,1,1,D
31752,D2,1995,1995-09-25,Mannheim,CZ Jena,1,0,H
31753,D2,1995,1995-09-26,Zwickau,Bochum,2,1,H
31754,D2,1995,1995-09-29,Nurnberg,Hannover,0,2,A
31755,D2,1995,1995-09-29,Wattenscheid,Duisburg,0,2,A
31756,D2,1995,1995-09-30,F Koln,Bochum,0,2,A
31757,D2,1995,1995-09-30,Wolfsburg,Mainz,2,2,D
31758,D2,1995,1995-09-30,Zwickau,Mannheim,2,1,H
31759,D2,1995,1995-10-01,CZ Jena,Chemnitz,4,1,H
31760,D2,1995,1995-10-01,Meppen,RB Leipzig,0,2,A
31761,D2,1995,1995-10-01,Unterhaching,Bielefeld,3,0,H
31762,D2,1995,1995-10-02,Hertha,Lubeck,0,0,D
31763,D2,1995,1995-10-06,Duisburg,F Koln,2,2,D
31764,D2,1995,1995-10-13,Duisburg,Wolfsburg,2,1,H
31765,D2,1995,1995-10-13,Mannheim,Chemnitz,4,1,H
31766,D2,1995,1995-10-14,Hannover,F Koln,2,0,H
31767,D2,1995,1995-10-14,Zwickau,Meppen,4,1,H
31768,D2,1995,1995-10-15,Bochum,Wattenscheid,2,2,D
31769,D2,1995,1995-10-15,RB Leipzig,Hertha,2,2,D
31770,D2,1995,1995-10-15,Lubeck,Nurnberg,0,0,D
31771,D2,1995,1995-10-15,Mainz,Unterhaching,3,1,H
31772,D2,1995,1995-10-16,Bielefeld,CZ Jena,1,2,A
31773,D2,1995,1995-10-20,CZ Jena,Mainz,6,1,H
31774,D2,1995,1995-10-20,Wattenscheid,Hannover,5,1,H
31775,D2,1995,1995-10-21,F Koln,Lubeck,1,3,A
31776,D2,1995,1995-10-21,Meppen,Mannheim,2,1,H
31777,D2,1995,1995-10-21,Wolfsburg,Bochum,0,5,A
31778,D2,1995,1995-10-22,Chemnitz,Bielefeld,5,1,H
31779,D2,1995,1995-10-22,Hertha,Zwickau,0,0,D
31780,D2,1995,1995-10-22,Unterhaching,Duisburg,1,2,A
31781,D2,1995,1995-10-23,Nurnberg,RB Leipzig,1,0,H
31782,D2,1995,1995-10-25,Hertha,Chemnitz,1,1,D
31783,D2,1995,1995-10-27,Mannheim,Bielefeld,3,5,A
31784,D2,1995,1995-10-28,Meppen,Hertha,1,1,D
31785,D2,1995,1995-10-29,Duisburg,CZ Jena,4,1,H
31786,D2,1995,1995-10-29,Hannover,Wolfsburg,0,1,A
31787,D2,1995,1995-10-29,RB Leipzig,F Koln,1,1,D
31788,D2,1995,1995-10-29,Lubeck,Wattenscheid,2,1,H
31789,D2,1995,1995-10-29,Mainz,Chemnitz,4,2,H
31790,D2,1995,1995-10-29,Zwickau,Nurnberg,1,0,H
31791,D2,1995,1995-10-30,Bochum,Unterhaching,3,1,H
31792,D2,1995,1995-11-03,Bielefeld,Mainz,2,0,H
31793,D2,1995,1995-11-03,CZ Jena,Bochum,0,4,A
31794,D2,1995,1995-11-04,F Koln,Zwickau,1,1,D
31795,D2,1995,1995-11-04,Nurnberg,Meppen,2,1,H
31796,D2,1995,1995-11-04,Wattenscheid,RB Leipzig,2,1,H
31797,D2,1995,1995-11-05,Wolfsburg,Lubeck,2,1,H
31798,D2,1995,1995-11-07,Unterhaching,Hannover,1,0,H
31799,D2,1995,1995-11-10,Bochum,Chemnitz,2,2,D
31800,D2,1995,1995-11-10,Mainz,Mannheim,0,0,D
31801,D2,1995,1995-11-11,Hannover,CZ Jena,1,1,D
31802,D2,1995,1995-11-11,Lubeck,Unterhaching,3,1,H
31803,D2,1995,1995-11-11,Nurnberg,Hertha,1,0,H
31804,D2,1995,1995-11-11,Zwickau,Wattenscheid,2,0,H
31805,D2,1995,1995-11-12,RB Leipzig,Wolfsburg,2,0,H
31806,D2,1995,1995-11-12,Meppen,F Koln,2,2,D
31807,D2,1995,1995-11-13,Duisburg,Bielefeld,1,1,D
31808,D2,1995,1995-11-17,CZ Jena,Lubeck,3,1,H
31809,D2,1995,1995-11-17,Unterhaching,RB Leipzig,4,1,H
31810,D2,1995,1995-11-18,Chemnitz,Hannover,2,1,H
31811,D2,1995,1995-11-18,Wattenscheid,Meppen,3,0,H
31812,D2,1995,1995-11-18,Wolfsburg,Zwickau,0,1,A
31813,D2,1995,1995-11-19,F Koln,Hertha,0,1,A
31814,D2,1995,1995-11-19,Mainz,Duisburg,0,1,A
31815,D2,1995,1995-11-19,Mannheim,Nurnberg,1,4,A
31816,D2,1995,1995-11-20,Bielefeld,Bochum,1,3,A
31817,D2,1995,1995-11-24,Bochum,Mainz,3,0,H
31818,D2,1995,1995-11-24,Hannover,Bielefeld,0,1,A
31819,D2,1995,1995-11-25,Hertha,Wattenscheid,1,2,A
31820,D2,1995,1995-11-25,RB Leipzig,CZ Jena,2,0,H
31821,D2,1995,1995-11-25,Zwickau,Unterhaching,1,2,A
31822,D2,1995,1995-11-26,Duisburg,Mannheim,1,1,D
31823,D2,1995,1995-11-26,Lubeck,Chemnitz,0,2,A
31824,D2,1995,1995-11-26,Meppen,Wolfsburg,2,1,H
31825,D2,1995,1995-11-26,Nurnberg,F Koln,1,1,D
31826,D2,1995,1995-11-29,Chemnitz,Duisburg,1,0,H
31827,D2,1995,1995-11-29,Hertha,Mannheim,1,0,H
31828,D2,1995,1995-12-03,F Koln,Mannheim,1,0,H
31829,D2,1995,1995-12-03,Hannover,Mainz,0,2,A
31830,D2,1995,1995-12-03,Hertha,Wolfsburg,2,2,D
31831,D2,1995,1995-12-03,RB Leipzig,Chemnitz,0,0,D
31832,D2,1995,1995-12-03,Lubeck,Bielefeld,0,2,A
31833,D2,1995,1995-12-03,Meppen,Unterhaching,0,0,D
31834,D2,1995,1995-12-03,Nurnberg,Wattenscheid,3,0,H
31835,D2,1995,1995-12-03,Zwickau,CZ Jena,2,1,H
31836,D2,1995,1995-12-04,Bochum,Duisburg,0,1,A
31837,D2,1995,1995-12-08,Mainz,Lubeck,0,1,A
31838,D2,1995,1995-12-08,Unterhaching,Hertha,0,0,D
31839,D2,1995,1995-12-09,Chemnitz,Zwickau,0,1,A
31840,D2,1995,1995-12-09,CZ Jena,Meppen,2,2,D
31841,D2,1995,1995-12-09,Wolfsburg,Nurnberg,1,1,D
31842,D2,1995,1995-12-10,Bielefeld,RB Leipzig,3,0,H
31843,D2,1995,1995-12-10,Duisburg,Hannover,4,0,H
31844,D2,1995,1995-12-10,Mannheim,Bochum,1,0,H
31845,D2,1995,1995-12-10,Wattenscheid,F Koln,2,3,A
31846,D2,1995,1996-03-08,Hertha,CZ Jena,2,4,A
31847,D2,1995,1996-03-08,Wattenscheid,Mannheim,0,0,D
31848,D2,1995,1996-03-09,F Koln,Wolfsburg,2,0,H
31849,D2,1995,1996-03-09,Hannover,Bochum,2,0,H
31850,D2,1995,1996-03-09,RB Leipzig,Mainz,0,0,D
31851,D2,1995,1996-03-10,Meppen,Chemnitz,2,0,H
31852,D2,1995,1996-03-11,Nurnberg,Unterhaching,2,2,D
31853,D2,1995,1996-03-15,CZ Jena,Nurnberg,1,0,H
31854,D2,1995,1996-03-15,Mainz,Zwickau,1,0,H
31855,D2,1995,1996-03-16,Bielefeld,Meppen,2,2,D
31856,D2,1995,1996-03-16,Mannheim,Hannover,1,0,H
31857,D2,1995,1996-03-16,Wolfsburg,Wattenscheid,1,0,H
31858,D2,1995,1996-03-17,Bochum,Lubeck,3,1,H
31859,D2,1995,1996-03-17,Unterhaching,F Koln,2,0,H
31860,D2,1995,1996-03-18,Duisburg,RB Leipzig,5,1,H
31861,D2,1995,1996-03-22,Hertha,Bielefeld,0,0,D
31862,D2,1995,1996-03-22,Wolfsburg,Mannheim,2,0,H
31863,D2,1995,1996-03-23,RB Leipzig,Bochum,0,1,A
31864,D2,1995,1996-03-23,Nurnberg,Chemnitz,1,1,D
31865,D2,1995,1996-03-24,Lubeck,Hannover,2,0,H
31866,D2,1995,1996-03-24,Meppen,Mainz,2,1,H
31867,D2,1995,1996-03-24,Wattenscheid,Unterhaching,0,0,D
31868,D2,1995,1996-03-25,F Koln,CZ Jena,6,0,H
31869,D2,1995,1996-03-29,Bielefeld,Nurnberg,2,2,D
31870,D2,1995,1996-03-29,Duisburg,Meppen,3,1,H
31871,D2,1995,1996-03-29,Unterhaching,Wolfsburg,2,2,D
31872,D2,1995,1996-03-30,CZ Jena,Wattenscheid,1,1,D
31873,D2,1995,1996-03-30,Mannheim,Lubeck,2,0,H
31874,D2,1995,1996-03-31,Hannover,RB Leipzig,4,0,H
31875,D2,1995,1996-03-31,Mainz,Hertha,0,0,D
31876,D2,1995,1996-04-01,Bochum,Zwickau,3,0,H
31877,D2,1995,1996-04-03,Zwickau,Hannover,2,1,H
31878,D2,1995,1996-04-04,F Koln,Bielefeld,1,0,H
31879,D2,1995,1996-04-04,Hertha,Duisburg,1,0,H
31880,D2,1995,1996-04-04,RB Leipzig,Lubeck,2,1,H
31881,D2,1995,1996-04-04,Wolfsburg,CZ Jena,1,1,D
31882,D2,1995,1996-04-06,Nurnberg,Mainz,1,2,A
31883,D2,1995,1996-04-07,Meppen,Bochum,2,3,A
31884,D2,1995,1996-04-07,Wattenscheid,Chemnitz,2,2,D
31885,D2,1995,1996-04-08,Lubeck,Duisburg,2,1,H
31886,D2,1995,1996-04-08,Unterhaching,Mannheim,3,1,H
31887,D2,1995,1996-04-08,Zwickau,Bielefeld,1,3,A
31888,D2,1995,1996-04-12,Bochum,Hertha,2,2,D
31889,D2,1995,1996-04-12,Chemnitz,Wolfsburg,0,4,A
31890,D2,1995,1996-04-12,Mainz,F Koln,2,0,H
31891,D2,1995,1996-04-13,Bielefeld,Wattenscheid,1,0,H
31892,D2,1995,1996-04-14,CZ Jena,Unterhaching,1,0,H
31893,D2,1995,1996-04-14,Lubeck,Zwickau,3,1,H
31894,D2,1995,1996-04-14,Mannheim,RB Leipzig,2,0,H
31895,D2,1995,1996-04-15,Duisburg,Nurnberg,1,1,D
31896,D2,1995,1996-04-16,Chemnitz,Hertha,1,2,A
31897,D2,1995,1996-04-16,Hannover,Meppen,1,0,H
31898,D2,1995,1996-04-19,CZ Jena,Mannheim,0,0,D
31899,D2,1995,1996-04-19,F Koln,Duisburg,1,1,D
31900,D2,1995,1996-04-19,Unterhaching,Chemnitz,0,1,A
31901,D2,1995,1996-04-20,Hertha,Hannover,4,1,H
31902,D2,1995,1996-04-20,Wattenscheid,Mainz,2,1,H
31903,D2,1995,1996-04-21,Meppen,Lubeck,2,0,H
31904,D2,1995,1996-04-21,Nurnberg,Bochum,0,1,A
31905,D2,1995,1996-04-21,Zwickau,RB Leipzig,3,1,H
31906,D2,1995,1996-04-22,Wolfsburg,Bielefeld,1,1,D
31907,D2,1995,1996-04-23,Chemnitz,F Koln,1,1,D
31908,D2,1995,1996-04-26,Duisburg,Wattenscheid,0,2,A
31909,D2,1995,1996-04-26,Mannheim,Zwickau,3,1,H
31910,D2,1995,1996-04-27,RB Leipzig,Meppen,0,3,A
31911,D2,1995,1996-04-27,Mainz,Wolfsburg,2,2,D
31912,D2,1995,1996-04-28,Bielefeld,Unterhaching,2,2,D
31913,D2,1995,1996-04-28,Bochum,F Koln,3,1,H
31914,D2,1995,1996-04-28,Chemnitz,CZ Jena,3,0,H
31915,D2,1995,1996-04-28,Lubeck,Hertha,0,1,A
31916,D2,1995,1996-04-29,Hannover,Nurnberg,2,2,D
31917,D2,1995,1996-05-03,Chemnitz,Mannheim,1,1,D
31918,D2,1995,1996-05-03,Hertha,RB Leipzig,2,0,H
31919,D2,1995,1996-05-03,Wolfsburg,Duisburg,3,1,H
31920,D2,1995,1996-05-04,Meppen,Zwickau,3,0,H
31921,D2,1995,1996-05-05,CZ Jena,Bielefeld,2,1,H
31922,D2,1995,1996-05-05,F Koln,Hannover,1,0,H
31923,D2,1995,1996-05-05,Nurnberg,Lubeck,0,1,A
31924,D2,1995,1996-05-05,Unterhaching,Mainz,0,0,D
31925,D2,1995,1996-05-06,Wattenscheid,Bochum,1,3,A
31926,D2,1995,1996-05-07,Zwickau,Duisburg,1,0,H
31927,D2,1995,1996-05-10,Bielefeld,Chemnitz,3,1,H
31928,D2,1995,1996-05-10,Bochum,Wolfsburg,0,0,D
31929,D2,1995,1996-05-10,Hannover,Wattenscheid,3,0,H
31930,D2,1995,1996-05-10,Zwickau,Hertha,3,1,H
31931,D2,1995,1996-05-12,Duisburg,Unterhaching,1,1,D
31932,D2,1995,1996-05-12,RB Leipzig,Nurnberg,2,1,H
31933,D2,1995,1996-05-12,Lubeck,F Koln,0,1,A
31934,D2,1995,1996-05-12,Mainz,CZ Jena,3,0,H
31935,D2,1995,1996-05-12,Mannheim,Meppen,2,0,H
31936,D2,1995,1996-05-15,Bielefeld,Mannheim,2,2,D
31937,D2,1995,1996-05-15,Chemnitz,Mainz,0,3,A
31938,D2,1995,1996-05-15,CZ Jena,Duisburg,2,4,A
31939,D2,1995,1996-05-15,Nurnberg,Zwickau,2,1,H
31940,D2,1995,1996-05-15,Wolfsburg,Hannover,3,3,D
31941,D2,1995,1996-05-16,F Koln,RB Leipzig,2,1,H
31942,D2,1995,1996-05-16,Hertha,Meppen,1,4,A
31943,D2,1995,1996-05-16,Unterhaching,Bochum,4,2,H
31944,D2,1995,1996-05-16,Wattenscheid,Lubeck,2,3,A
31945,D2,1995,1996-05-19,Bochum,CZ Jena,1,1,D
31946,D2,1995,1996-05-19,Hannover,Unterhaching,1,3,A
31947,D2,1995,1996-05-19,RB Leipzig,Wattenscheid,1,0,H
31948,D2,1995,1996-05-19,Lubeck,Wolfsburg,1,1,D
31949,D2,1995,1996-05-19,Mainz,Bielefeld,2,0,H
31950,D2,1995,1996-05-19,Mannheim,Hertha,3,2,H
31951,D2,1995,1996-05-19,Meppen,Nurnberg,2,0,H
31952,D2,1995,1996-05-19,Zwickau,F Koln,0,0,D
31953,D2,1995,1996-05-20,Duisburg,Chemnitz,1,0,H
31954,D2,1995,1996-05-23,CZ Jena,Hannover,4,1,H
31955,D2,1995,1996-05-24,Chemnitz,Bochum,0,2,A
31956,D2,1995,1996-05-24,F Koln,Meppen,0,0,D
31957,D2,1995,1996-05-24,Mannheim,Mainz,2,2,D
31958,D2,1995,1996-05-26,Unterhaching,Lubeck,5,0,H
31959,D2,1995,1996-05-26,Wattenscheid,Zwickau,3,1,H
31960,D2,1995,1996-05-26,Wolfsburg,RB Leipzig,1,0,H
31961,D2,1995,1996-05-27,Bielefeld,Duisburg,3,2,H
31962,D2,1995,1996-05-27,Hertha,Nurnberg,0,1,A
31963,D2,1995,1996-06-02,Bochum,Bielefeld,2,0,H
31964,D2,1995,1996-06-02,Duisburg,Mainz,0,3,A
31965,D2,1995,1996-06-02,Hannover,Chemnitz,4,2,H
31966,D2,1995,1996-06-02,Hertha,F Koln,0,0,D
31967,D2,1995,1996-06-02,RB Leipzig,Unterhaching,3,2,H
31968,D2,1995,1996-06-02,Lubeck,CZ Jena,2,1,H
31969,D2,1995,1996-06-02,Meppen,Wattenscheid,4,0,H
31970,D2,1995,1996-06-02,Nurnberg,Mannheim,2,4,A
31971,D2,1995,1996-06-02,Zwickau,Wolfsburg,0,1,A
31972,D2,1995,1996-06-08,Bielefeld,Hannover,2,1,H
31973,D2,1995,1996-06-08,Chemnitz,Lubeck,2,1,H
31974,D2,1995,1996-06-08,CZ Jena,RB Leipzig,3,1,H
31975,D2,1995,1996-06-08,F Koln,Nurnberg,1,0,H
31976,D2,1995,1996-06-08,Mainz,Bochum,1,0,H
31977,D2,1995,1996-06-08,Mannheim,Duisburg,1,3,A
31978,D2,1995,1996-06-08,Unterhaching,Zwickau,4,2,H
31979,D2,1995,1996-06-08,Wattenscheid,Hertha,0,0,D
31980,D2,1995,1996-06-08,Wolfsburg,Meppen,0,0,D
38415,E0,1995,1995-08-19,Aston Villa,Man United,3,1,H
38416,E0,1995,1995-08-19,Blackburn,QPR,1,0,H
38417,E0,1995,1995-08-19,Chelsea,Everton,0,0,D
38418,E0,1995,1995-08-19,Liverpool,Sheffield Weds,1,0,H
38419,E0,1995,1995-08-19,Man City,Tottenham,1,1,D
38420,E0,1995,1995-08-19,Newcastle,Coventry,3,0,H
38421,E0,1995,1995-08-19,Southampton,Nott'm Forest,3,4,A
38422,E0,1995,1995-08-19,West Ham,Leeds,1,2,A
38423,E0,1995,1995-08-19,Wimbledon,Bolton,3,2,H
38424,E0,1995,1995-08-20,Arsenal,Middlesbrough,1,1,D
38425,E0,1995,1995-08-21,Leeds,Liverpool,1,0,H
38426,E0,1995,1995-08-22,Bolton,Newcastle,1,3,A
38427,E0,1995,1995-08-23,Coventry,Man City,2,1,H
38428,E0,1995,1995-08-23,Everton,Arsenal,0,2,A
38429,E0,1995,1995-08-23,Man United,West Ham,2,1,H
38430,E0,1995,1995-08-23,Nott'm Forest,Chelsea,0,0,D
38431,E0,1995,1995-08-23,QPR,Wimbledon,0,3,A
38432,E0,1995,1995-08-23,Sheffield Weds,Blackburn,2,1,H
38433,E0,1995,1995-08-23,Tottenham,Aston Villa,0,1,A
38434,E0,1995,1995-08-26,Bolton,Blackburn,2,1,H
38435,E0,1995,1995-08-26,Coventry,Arsenal,0,0,D
38436,E0,1995,1995-08-26,Everton,Southampton,2,0,H
38437,E0,1995,1995-08-26,Leeds,Aston Villa,2,0,H
38438,E0,1995,1995-08-26,Man United,Wimbledon,3,1,H
38439,E0,1995,1995-08-26,Middlesbrough,Chelsea,2,0,H
38440,E0,1995,1995-08-26,Nott'm Forest,West Ham,1,1,D
38441,E0,1995,1995-08-26,QPR,Man City,1,0,H
38442,E0,1995,1995-08-26,Tottenham,Liverpool,1,3,A
38443,E0,1995,1995-08-27,Sheffield Weds,Newcastle,0,2,A
38444,E0,1995,1995-08-28,Blackburn,Man United,1,2,A
38445,E0,1995,1995-08-29,Arsenal,Nott'm Forest,1,1,D
38446,E0,1995,1995-08-30,Aston Villa,Bolton,1,0,H
38447,E0,1995,1995-08-30,Chelsea,Coventry,2,2,D
38448,E0,1995,1995-08-30,Liverpool,QPR,1,0,H
38449,E0,1995,1995-08-30,Man City,Everton,0,2,A
38450,E0,1995,1995-08-30,Newcastle,Middlesbrough,1,0,H
38451,E0,1995,1995-08-30,Southampton,Leeds,1,1,D
38452,E0,1995,1995-08-30,West Ham,Tottenham,1,1,D
38453,E0,1995,1995-08-30,Wimbledon,Sheffield Weds,2,2,D
38454,E0,1995,1995-09-09,Blackburn,Aston Villa,1,1,D
38455,E0,1995,1995-09-09,Bolton,Middlesbrough,1,1,D
38456,E0,1995,1995-09-09,Coventry,Nott'm Forest,1,1,D
38457,E0,1995,1995-09-09,Everton,Man United,2,3,A
38458,E0,1995,1995-09-09,QPR,Sheffield Weds,0,3,A
38459,E0,1995,1995-09-09,Southampton,Newcastle,1,0,H
38460,E0,1995,1995-09-09,Tottenham,Leeds,2,1,H
38461,E0,1995,1995-09-09,Wimbledon,Liverpool,1,0,H
38462,E0,1995,1995-09-10,Man City,Arsenal,0,1,A
38463,E0,1995,1995-09-11,West Ham,Chelsea,1,3,A
38464,E0,1995,1995-09-12,Middlesbrough,Southampton,0,0,D
38465,E0,1995,1995-09-16,Arsenal,West Ham,1,0,H
38466,E0,1995,1995-09-16,Aston Villa,Wimbledon,2,0,H
38467,E0,1995,1995-09-16,Chelsea,Southampton,3,0,H
38468,E0,1995,1995-09-16,Leeds,QPR,1,3,A
38469,E0,1995,1995-09-16,Liverpool,Blackburn,3,0,H
38470,E0,1995,1995-09-16,Man United,Bolton,3,0,H
38471,E0,1995,1995-09-16,Middlesbrough,Coventry,2,1,H
38472,E0,1995,1995-09-16,Newcastle,Man City,3,1,H
38473,E0,1995,1995-09-16,Sheffield Weds,Tottenham,1,3,A
38474,E0,1995,1995-09-17,Nott'm Forest,Everton,3,2,H
38475,E0,1995,1995-09-23,Arsenal,Southampton,4,2,H
38476,E0,1995,1995-09-23,Aston Villa,Nott'm Forest,1,1,D
38477,E0,1995,1995-09-23,Blackburn,Coventry,5,1,H
38478,E0,1995,1995-09-23,Liverpool,Bolton,5,2,H
38479,E0,1995,1995-09-23,Man City,Middlesbrough,0,1,A
38480,E0,1995,1995-09-23,Sheffield Weds,Man United,0,0,D
38481,E0,1995,1995-09-23,West Ham,Everton,2,1,H
38482,E0,1995,1995-09-23,Wimbledon,Leeds,2,4,A
38483,E0,1995,1995-09-24,Newcastle,Chelsea,2,0,H
38484,E0,1995,1995-09-25,QPR,Tottenham,2,3,A
38485,E0,1995,1995-09-30,Bolton,QPR,0,1,A
38486,E0,1995,1995-09-30,Chelsea,Arsenal,1,0,H
38487,E0,1995,1995-09-30,Coventry,Aston Villa,0,3,A
38488,E0,1995,1995-09-30,Leeds,Sheffield Weds,2,0,H
38489,E0,1995,1995-09-30,Middlesbrough,Blackburn,2,0,H
38490,E0,1995,1995-09-30,Nott'm Forest,Man City,3,0,H
38491,E0,1995,1995-09-30,Tottenham,Wimbledon,3,1,H
38492,E0,1995,1995-10-01,Everton,Newcastle,1,3,A
38493,E0,1995,1995-10-01,Man United,Liverpool,2,2,D
38494,E0,1995,1995-10-02,Southampton,West Ham,0,0,D
38495,E0,1995,1995-10-14,Aston Villa,Chelsea,0,1,A
38496,E0,1995,1995-10-14,Blackburn,Southampton,2,1,H
38497,E0,1995,1995-10-14,Bolton,Everton,1,1,D
38498,E0,1995,1995-10-14,Leeds,Arsenal,0,3,A
38499,E0,1995,1995-10-14,Liverpool,Coventry,0,0,D
38500,E0,1995,1995-10-14,Man United,Man City,1,0,H
38501,E0,1995,1995-10-14,QPR,Newcastle,2,3,A
38502,E0,1995,1995-10-14,Tottenham,Nott'm Forest,0,1,A
38503,E0,1995,1995-10-15,Sheffield Weds,Middlesbrough,0,1,A
38504,E0,1995,1995-10-16,Wimbledon,West Ham,0,1,A
38505,E0,1995,1995-10-21,Arsenal,Aston Villa,2,0,H
38506,E0,1995,1995-10-21,Chelsea,Man United,1,4,A
38507,E0,1995,1995-10-21,Coventry,Sheffield Weds,0,1,A
38508,E0,1995,1995-10-21,Man City,Leeds,0,0,D
38509,E0,1995,1995-10-21,Middlesbrough,QPR,1,0,H
38510,E0,1995,1995-10-21,Newcastle,Wimbledon,6,1,H
38511,E0,1995,1995-10-21,Nott'm Forest,Bolton,3,2,H
38512,E0,1995,1995-10-21,West Ham,Blackburn,1,1,D
38513,E0,1995,1995-10-22,Everton,Tottenham,1,1,D
38514,E0,1995,1995-10-22,Southampton,Liverpool,1,3,A
38515,E0,1995,1995-10-28,Aston Villa,Everton,1,0,H
38516,E0,1995,1995-10-28,Blackburn,Chelsea,3,0,H
38517,E0,1995,1995-10-28,Leeds,Coventry,3,1,H
38518,E0,1995,1995-10-28,Liverpool,Man City,6,0,H
38519,E0,1995,1995-10-28,Man United,Middlesbrough,2,0,H
38520,E0,1995,1995-10-28,QPR,Nott'm Forest,1,1,D
38521,E0,1995,1995-10-28,Sheffield Weds,West Ham,0,1,A
38522,E0,1995,1995-10-28,Wimbledon,Southampton,1,2,A
38523,E0,1995,1995-10-29,Tottenham,Newcastle,1,1,D
38524,E0,1995,1995-10-30,Bolton,Arsenal,1,0,H
38525,E0,1995,1995-11-04,Arsenal,Man United,1,0,H
38526,E0,1995,1995-11-04,Chelsea,Sheffield Weds,0,0,D
38527,E0,1995,1995-11-04,Coventry,Tottenham,2,3,A
38528,E0,1995,1995-11-04,Man City,Bolton,1,0,H
38529,E0,1995,1995-11-04,Middlesbrough,Leeds,1,1,D
38530,E0,1995,1995-11-04,Newcastle,Liverpool,2,1,H
38531,E0,1995,1995-11-04,Southampton,QPR,2,0,H
38532,E0,1995,1995-11-04,West Ham,Aston Villa,1,4,A
38533,E0,1995,1995-11-05,Everton,Blackburn,1,0,H
38534,E0,1995,1995-11-06,Nott'm Forest,Wimbledon,4,1,H
38535,E0,1995,1995-11-08,Newcastle,Blackburn,1,0,H
38536,E0,1995,1995-11-18,Aston Villa,Newcastle,1,1,D
38537,E0,1995,1995-11-18,Blackburn,Nott'm Forest,7,0,H
38538,E0,1995,1995-11-18,Bolton,West Ham,0,3,A
38539,E0,1995,1995-11-18,Leeds,Chelsea,1,0,H
38540,E0,1995,1995-11-18,Liverpool,Everton,1,2,A
38541,E0,1995,1995-11-18,Man United,Southampton,4,1,H
38542,E0,1995,1995-11-18,Sheffield Weds,Man City,1,1,D
38543,E0,1995,1995-11-18,Tottenham,Arsenal,2,1,H
38544,E0,1995,1995-11-18,Wimbledon,Middlesbrough,0,0,D
38545,E0,1995,1995-11-19,QPR,Coventry,1,1,D
38546,E0,1995,1995-11-20,Southampton,Aston Villa,0,1,A
38547,E0,1995,1995-11-21,Arsenal,Sheffield Weds,4,2,H
38548,E0,1995,1995-11-21,Middlesbrough,Tottenham,0,1,A
38549,E0,1995,1995-11-22,Chelsea,Bolton,3,2,H
38550,E0,1995,1995-11-22,Coventry,Man United,0,4,A
38551,E0,1995,1995-11-22,Everton,QPR,2,0,H
38552,E0,1995,1995-11-22,Man City,Wimbledon,1,0,H
38553,E0,1995,1995-11-22,West Ham,Liverpool,0,0,D
38554,E0,1995,1995-11-25,Chelsea,Tottenham,0,0,D
38555,E0,1995,1995-11-25,Coventry,Wimbledon,3,3,D
38556,E0,1995,1995-11-25,Everton,Sheffield Weds,2,2,D
38557,E0,1995,1995-11-25,Man City,Aston Villa,1,0,H
38558,E0,1995,1995-11-25,Middlesbrough,Liverpool,2,1,H
38559,E0,1995,1995-11-25,Newcastle,Leeds,2,1,H
38560,E0,1995,1995-11-25,Southampton,Bolton,1,0,H
38561,E0,1995,1995-11-25,West Ham,QPR,1,0,H
38562,E0,1995,1995-11-26,Arsenal,Blackburn,0,0,D
38563,E0,1995,1995-11-27,Nott'm Forest,Man United,1,1,D
38564,E0,1995,1995-12-02,Aston Villa,Arsenal,1,1,D
38565,E0,1995,1995-12-02,Blackburn,West Ham,4,2,H
38566,E0,1995,1995-12-02,Bolton,Nott'm Forest,1,1,D
38567,E0,1995,1995-12-02,Leeds,Man City,0,1,A
38568,E0,1995,1995-12-02,Liverpool,Southampton,1,1,D
38569,E0,1995,1995-12-02,Man United,Chelsea,1,1,D
38570,E0,1995,1995-12-02,QPR,Middlesbrough,1,1,D
38571,E0,1995,1995-12-02,Tottenham,Everton,0,0,D
38572,E0,1995,1995-12-03,Wimbledon,Newcastle,3,3,D
38573,E0,1995,1995-12-04,Sheffield Weds,Coventry,4,3,H
38574,E0,1995,1995-12-09,Bolton,Liverpool,0,1,A
38575,E0,1995,1995-12-09,Chelsea,Newcastle,1,0,H
38576,E0,1995,1995-12-09,Coventry,Blackburn,5,0,H
38577,E0,1995,1995-12-09,Leeds,Wimbledon,1,1,D
38578,E0,1995,1995-12-09,Man United,Sheffield Weds,2,2,D
38579,E0,1995,1995-12-09,Middlesbrough,Man City,4,1,H
38580,E0,1995,1995-12-09,Southampton,Arsenal,0,0,D
38581,E0,1995,1995-12-09,Tottenham,QPR,1,0,H
38582,E0,1995,1995-12-10,Nott'm Forest,Aston Villa,1,1,D
38583,E0,1995,1995-12-11,Everton,West Ham,3,0,H
38584,E0,1995,1995-12-16,Arsenal,Chelsea,1,1,D
38585,E0,1995,1995-12-16,Aston Villa,Coventry,4,1,H
38586,E0,1995,1995-12-16,Blackburn,Middlesbrough,1,0,H
38587,E0,1995,1995-12-16,Newcastle,Everton,1,0,H
38588,E0,1995,1995-12-16,QPR,Bolton,2,1,H
38589,E0,1995,1995-12-16,Sheffield Weds,Leeds,6,2,H
38590,E0,1995,1995-12-16,West Ham,Southampton,2,1,H
38591,E0,1995,1995-12-16,Wimbledon,Tottenham,0,1,A
38592,E0,1995,1995-12-17,Liverpool,Man United,2,0,H
38593,E0,1995,1995-12-18,Man City,Nott'm Forest,1,1,D
38594,E0,1995,1995-12-23,Coventry,Everton,2,1,H
38595,E0,1995,1995-12-23,Liverpool,Arsenal,3,1,H
38596,E0,1995,1995-12-23,Man City,Chelsea,0,1,A
38597,E0,1995,1995-12-23,Middlesbrough,West Ham,4,2,H
38598,E0,1995,1995-12-23,Newcastle,Nott'm Forest,3,1,H
38599,E0,1995,1995-12-23,QPR,Aston Villa,1,0,H
38600,E0,1995,1995-12-23,Sheffield Weds,Southampton,2,2,D
38601,E0,1995,1995-12-23,Tottenham,Bolton,2,2,D
38602,E0,1995,1995-12-23,Wimbledon,Blackburn,1,1,D
38603,E0,1995,1995-12-24,Leeds,Man United,3,1,H
38604,E0,1995,1995-12-26,Arsenal,QPR,3,0,H
38605,E0,1995,1995-12-26,Blackburn,Man City,2,0,H
38606,E0,1995,1995-12-26,Chelsea,Wimbledon,1,2,A
38607,E0,1995,1995-12-26,Everton,Middlesbrough,4,0,H
38608,E0,1995,1995-12-26,Nott'm Forest,Sheffield Weds,1,0,H
38609,E0,1995,1995-12-26,Southampton,Tottenham,0,0,D
38610,E0,1995,1995-12-27,Bolton,Leeds,0,2,A
38611,E0,1995,1995-12-27,Man United,Newcastle,2,0,H
38612,E0,1995,1995-12-30,Arsenal,Wimbledon,1,3,A
38613,E0,1995,1995-12-30,Blackburn,Tottenham,2,1,H
38614,E0,1995,1995-12-30,Bolton,Coventry,1,2,A
38615,E0,1995,1995-12-30,Chelsea,Liverpool,2,2,D
38616,E0,1995,1995-12-30,Everton,Leeds,2,0,H
38617,E0,1995,1995-12-30,Man United,QPR,2,1,H
38618,E0,1995,1995-12-30,Nott'm Forest,Middlesbrough,1,0,H
38619,E0,1995,1996-01-01,Coventry,Southampton,1,1,D
38620,E0,1995,1996-01-01,Leeds,Blackburn,0,0,D
38621,E0,1995,1996-01-01,Liverpool,Nott'm Forest,4,2,H
38622,E0,1995,1996-01-01,Man City,West Ham,2,1,H
38623,E0,1995,1996-01-01,Middlesbrough,Aston Villa,0,2,A
38624,E0,1995,1996-01-01,Sheffield Weds,Bolton,4,2,H
38625,E0,1995,1996-01-01,Tottenham,Man United,4,1,H
38626,E0,1995,1996-01-01,Wimbledon,Everton,2,3,A
38627,E0,1995,1996-01-02,Newcastle,Arsenal,2,0,H
38628,E0,1995,1996-01-02,QPR,Chelsea,1,2,A
38629,E0,1995,1996-01-13,Bolton,Wimbledon,1,0,H
38630,E0,1995,1996-01-13,Everton,Chelsea,1,1,D
38631,E0,1995,1996-01-13,Leeds,West Ham,2,0,H
38632,E0,1995,1996-01-13,Man United,Aston Villa,0,0,D
38633,E0,1995,1996-01-13,Middlesbrough,Arsenal,2,3,A
38634,E0,1995,1996-01-13,Nott'm Forest,Southampton,1,0,H
38635,E0,1995,1996-01-13,QPR,Blackburn,0,1,A
38636,E0,1995,1996-01-13,Sheffield Weds,Liverpool,1,1,D
38637,E0,1995,1996-01-13,Tottenham,Man City,1,0,H
38638,E0,1995,1996-01-14,Coventry,Newcastle,0,1,A
38639,E0,1995,1996-01-20,Arsenal,Everton,1,2,A
38640,E0,1995,1996-01-20,Blackburn,Sheffield Weds,3,0,H
38641,E0,1995,1996-01-20,Chelsea,Nott'm Forest,1,0,H
38642,E0,1995,1996-01-20,Liverpool,Leeds,5,0,H
38643,E0,1995,1996-01-20,Man City,Coventry,1,1,D
38644,E0,1995,1996-01-20,Newcastle,Bolton,2,1,H
38645,E0,1995,1996-01-20,Southampton,Middlesbrough,2,1,H
38646,E0,1995,1996-01-20,Wimbledon,QPR,2,1,H
38647,E0,1995,1996-01-21,Aston Villa,Tottenham,2,1,H
38648,E0,1995,1996-01-23,West Ham,Man United,0,1,A
38649,E0,1995,1996-01-31,Aston Villa,Liverpool,0,2,A
38650,E0,1995,1996-01-31,Nott'm Forest,Leeds,2,1,H
38651,E0,1995,1996-01-31,Southampton,Man City,1,1,D
38652,E0,1995,1996-01-31,West Ham,Coventry,3,2,H
38653,E0,1995,1996-02-03,Arsenal,Coventry,1,1,D
38654,E0,1995,1996-02-03,Aston Villa,Leeds,3,0,H
38655,E0,1995,1996-02-03,Blackburn,Bolton,3,1,H
38656,E0,1995,1996-02-03,Liverpool,Tottenham,0,0,D
38657,E0,1995,1996-02-03,Man City,QPR,2,0,H
38658,E0,1995,1996-02-03,Newcastle,Sheffield Weds,2,0,H
38659,E0,1995,1996-02-03,Southampton,Everton,2,2,D
38660,E0,1995,1996-02-03,West Ham,Nott'm Forest,1,0,H
38661,E0,1995,1996-02-03,Wimbledon,Man United,2,4,A
38662,E0,1995,1996-02-04,Chelsea,Middlesbrough,5,0,H
38663,E0,1995,1996-02-10,Bolton,Aston Villa,0,2,A
38664,E0,1995,1996-02-10,Coventry,Chelsea,1,0,H
38665,E0,1995,1996-02-10,Everton,Man City,2,0,H
38666,E0,1995,1996-02-10,Man United,Blackburn,1,0,H
38667,E0,1995,1996-02-10,Middlesbrough,Newcastle,1,2,A
38668,E0,1995,1996-02-10,Nott'm Forest,Arsenal,0,1,A
38669,E0,1995,1996-02-10,Sheffield Weds,Wimbledon,2,1,H
38670,E0,1995,1996-02-11,QPR,Liverpool,1,2,A
38671,E0,1995,1996-02-12,Tottenham,West Ham,0,1,A
38672,E0,1995,1996-02-17,Chelsea,West Ham,1,2,A
38673,E0,1995,1996-02-17,Middlesbrough,Bolton,1,4,A
38674,E0,1995,1996-02-17,Sheffield Weds,QPR,1,3,A
38675,E0,1995,1996-02-21,Man United,Everton,2,0,H
38676,E0,1995,1996-02-21,West Ham,Newcastle,2,0,H
38677,E0,1995,1996-02-24,Blackburn,Liverpool,2,3,A
38678,E0,1995,1996-02-24,Coventry,Middlesbrough,0,0,D
38679,E0,1995,1996-02-24,Everton,Nott'm Forest,3,0,H
38680,E0,1995,1996-02-24,Man City,Newcastle,3,3,D
38681,E0,1995,1996-02-24,Southampton,Chelsea,2,3,A
38682,E0,1995,1996-02-24,Tottenham,Sheffield Weds,1,0,H
38683,E0,1995,1996-02-24,West Ham,Arsenal,0,1,A
38684,E0,1995,1996-02-24,Wimbledon,Aston Villa,3,3,D
38685,E0,1995,1996-02-25,Bolton,Man United,0,6,A
38686,E0,1995,1996-02-28,Aston Villa,Blackburn,2,0,H
38687,E0,1995,1996-03-02,Coventry,West Ham,2,2,D
38688,E0,1995,1996-03-02,Leeds,Bolton,0,1,A
38689,E0,1995,1996-03-02,Man City,Blackburn,1,1,D
38690,E0,1995,1996-03-02,Middlesbrough,Everton,0,2,A
38691,E0,1995,1996-03-02,QPR,Arsenal,1,1,D
38692,E0,1995,1996-03-02,Sheffield Weds,Nott'm Forest,1,3,A
38693,E0,1995,1996-03-02,Tottenham,Southampton,1,0,H
38694,E0,1995,1996-03-02,Wimbledon,Chelsea,1,1,D
38695,E0,1995,1996-03-03,Liverpool,Aston Villa,3,0,H
38696,E0,1995,1996-03-04,Newcastle,Man United,0,1,A
38697,E0,1995,1996-03-05,Arsenal,Man City,3,1,H
38698,E0,1995,1996-03-06,Aston Villa,Sheffield Weds,3,2,H
38699,E0,1995,1996-03-06,QPR,Leeds,1,2,A
38700,E0,1995,1996-03-09,Aston Villa,QPR,4,2,H
38701,E0,1995,1996-03-09,Everton,Coventry,2,2,D
38702,E0,1995,1996-03-09,West Ham,Middlesbrough,2,0,H
38703,E0,1995,1996-03-12,Chelsea,Man City,1,1,D
38704,E0,1995,1996-03-13,Blackburn,Leeds,1,0,H
38705,E0,1995,1996-03-13,Liverpool,Wimbledon,2,2,D
38706,E0,1995,1996-03-16,Coventry,Bolton,0,2,A
38707,E0,1995,1996-03-16,Liverpool,Chelsea,2,0,H
38708,E0,1995,1996-03-16,Man City,Southampton,2,1,H
38709,E0,1995,1996-03-16,Middlesbrough,Nott'm Forest,1,1,D
38710,E0,1995,1996-03-16,QPR,Man United,1,1,D
38711,E0,1995,1996-03-16,Sheffield Weds,Aston Villa,2,0,H
38712,E0,1995,1996-03-16,Tottenham,Blackburn,2,3,A
38713,E0,1995,1996-03-16,Wimbledon,Arsenal,0,3,A
38714,E0,1995,1996-03-17,Leeds,Everton,2,2,D
38715,E0,1995,1996-03-18,Newcastle,West Ham,3,0,H
38716,E0,1995,1996-03-19,Aston Villa,Middlesbrough,0,0,D
38717,E0,1995,1996-03-20,Bolton,Tottenham,2,3,A
38718,E0,1995,1996-03-20,Man United,Arsenal,1,0,H
38719,E0,1995,1996-03-20,Southampton,Sheffield Weds,0,1,A
38720,E0,1995,1996-03-23,Arsenal,Newcastle,2,0,H
38721,E0,1995,1996-03-23,Bolton,Sheffield Weds,2,1,H
38722,E0,1995,1996-03-23,Chelsea,QPR,1,1,D
38723,E0,1995,1996-03-23,Everton,Wimbledon,2,4,A
38724,E0,1995,1996-03-23,Nott'm Forest,Liverpool,1,0,H
38725,E0,1995,1996-03-23,West Ham,Man City,4,2,H
38726,E0,1995,1996-03-24,Man United,Tottenham,1,0,H
38727,E0,1995,1996-03-25,Southampton,Coventry,1,0,H
38728,E0,1995,1996-03-30,Blackburn,Everton,0,3,A
38729,E0,1995,1996-03-30,Bolton,Man City,1,1,D
38730,E0,1995,1996-03-30,Leeds,Middlesbrough,0,1,A
38731,E0,1995,1996-03-30,QPR,Southampton,3,0,H
38732,E0,1995,1996-03-30,Tottenham,Coventry,3,1,H
38733,E0,1995,1996-03-30,Wimbledon,Nott'm Forest,1,0,H
38734,E0,1995,1996-04-03,Leeds,Southampton,1,0,H
38735,E0,1995,1996-04-03,Liverpool,Newcastle,4,3,H
38736,E0,1995,1996-04-05,Middlesbrough,Sheffield Weds,3,1,H
38737,E0,1995,1996-04-06,Arsenal,Leeds,2,1,H
38738,E0,1995,1996-04-06,Chelsea,Aston Villa,1,2,A
38739,E0,1995,1996-04-06,Coventry,Liverpool,1,0,H
38740,E0,1995,1996-04-06,Everton,Bolton,3,0,H
38741,E0,1995,1996-04-06,Man City,Man United,2,3,A
38742,E0,1995,1996-04-06,Newcastle,QPR,2,1,H
38743,E0,1995,1996-04-06,Nott'm Forest,Tottenham,2,1,H
38744,E0,1995,1996-04-06,Southampton,Blackburn,1,0,H
38745,E0,1995,1996-04-06,West Ham,Wimbledon,1,1,D
38746,E0,1995,1996-04-08,Aston Villa,Southampton,3,0,H
38747,E0,1995,1996-04-08,Blackburn,Newcastle,2,1,H
38748,E0,1995,1996-04-08,Bolton,Chelsea,2,1,H
38749,E0,1995,1996-04-08,Leeds,Nott'm Forest,1,3,A
38750,E0,1995,1996-04-08,Liverpool,West Ham,2,0,H
38751,E0,1995,1996-04-08,Man United,Coventry,1,0,H
38752,E0,1995,1996-04-08,QPR,Everton,3,1,H
38753,E0,1995,1996-04-08,Sheffield Weds,Arsenal,1,0,H
38754,E0,1995,1996-04-08,Tottenham,Middlesbrough,1,1,D
38755,E0,1995,1996-04-08,Wimbledon,Man City,3,0,H
38756,E0,1995,1996-04-13,Chelsea,Leeds,4,1,H
38757,E0,1995,1996-04-13,Coventry,QPR,1,0,H
38758,E0,1995,1996-04-13,Man City,Sheffield Weds,1,0,H
38759,E0,1995,1996-04-13,Middlesbrough,Wimbledon,1,2,A
38760,E0,1995,1996-04-13,Nott'm Forest,Blackburn,1,5,A
38761,E0,1995,1996-04-13,Southampton,Man United,3,1,H
38762,E0,1995,1996-04-13,West Ham,Bolton,1,0,H
38763,E0,1995,1996-04-14,Newcastle,Aston Villa,1,0,H
38764,E0,1995,1996-04-15,Arsenal,Tottenham,0,0,D
38765,E0,1995,1996-04-16,Everton,Liverpool,1,1,D
38766,E0,1995,1996-04-17,Aston Villa,West Ham,1,1,D
38767,E0,1995,1996-04-17,Blackburn,Wimbledon,3,2,H
38768,E0,1995,1996-04-17,Man United,Leeds,1,0,H
38769,E0,1995,1996-04-17,Newcastle,Southampton,1,0,H
38770,E0,1995,1996-04-17,Nott'm Forest,Coventry,0,0,D
38771,E0,1995,1996-04-17,Sheffield Weds,Chelsea,0,0,D
38772,E0,1995,1996-04-27,Aston Villa,Man City,0,1,A
38773,E0,1995,1996-04-27,Blackburn,Arsenal,1,1,D
38774,E0,1995,1996-04-27,Bolton,Southampton,0,1,A
38775,E0,1995,1996-04-27,Liverpool,Middlesbrough,1,0,H
38776,E0,1995,1996-04-27,QPR,West Ham,3,0,H
38777,E0,1995,1996-04-27,Sheffield Weds,Everton,2,5,A
38778,E0,1995,1996-04-27,Tottenham,Chelsea,1,1,D
38779,E0,1995,1996-04-27,Wimbledon,Coventry,0,2,A
38780,E0,1995,1996-04-28,Man United,Nott'm Forest,5,0,H
38781,E0,1995,1996-04-29,Leeds,Newcastle,0,1,A
38782,E0,1995,1996-05-01,Arsenal,Liverpool,0,0,D
38783,E0,1995,1996-05-02,Leeds,Tottenham,1,3,A
38784,E0,1995,1996-05-02,Nott'm Forest,Newcastle,1,1,D
38785,E0,1995,1996-05-04,Arsenal,Bolton,2,1,H
38786,E0,1995,1996-05-04,Chelsea,Blackburn,2,3,A
38787,E0,1995,1996-05-04,Coventry,Leeds,0,0,D
38788,E0,1995,1996-05-04,Everton,Aston Villa,1,0,H
38789,E0,1995,1996-05-04,Man City,Liverpool,2,2,D
38790,E0,1995,1996-05-04,Middlesbrough,Man United,0,3,A
38791,E0,1995,1996-05-04,Newcastle,Tottenham,1,1,D
38792,E0,1995,1996-05-04,Nott'm Forest,QPR,3,0,H
38793,E0,1995,1996-05-04,Southampton,Wimbledon,0,0,D
38794,E0,1995,1996-05-04,West Ham,Sheffield Weds,1,1,D
