Match_ID,Div,Season,Date,HomeTeam,AwayTeam,FTHG,FTAG,FTR
480,D1,2010,2010-09-21,Hoffenheim,Bayern Munich,1,2,A
481,D1,2010,2011-01-15,Wolfsburg,Bayern Munich,1,1,D
482,D1,2010,2010-12-19,Stuttgart,Bayern Munich,3,5,A
483,D1,2010,2011-04-23,Ein Frankfurt,Bayern Munich,1,1,D
484,D1,2010,2010-08-27,Kaiserslautern,Bayern Munich,2,0,H
485,D1,2010,2011-03-05,Hannover,Bayern Munich,3,1,H
486,D1,2010,2010-12-04,Schalke 04,Bayern Munich,2,0,H
487,D1,2010,2010-11-06,M'gladbach,Bayern Munich,3,3,D
488,D1,2010,2010-10-03,Dortmund,Bayern Munich,2,0,H
489,D1,2010,2011-01-29,Werder Bremen,Bayern Munich,1,3,A
490,D1,2010,2011-02-05,FC Koln,Bayern Munich,3,2,H
491,D1,2010,2010-10-22,Hamburg,Bayern Munich,0,0,D
492,D1,2010,2011-03-19,Freiburg,Bayern Munich,1,2,A
493,D1,2010,2011-05-07,St Pauli,Bayern Munich,1,8,A
494,D1,2010,2011-02-19,Mainz,Bayern Munich,1,3,A
495,D1,2010,2011-04-09,Nurnberg,Bayern Munich,1,1,D
496,D1,2010,2010-11-20,Leverkusen,Bayern Munich,1,1,D
497,D1,2010,2011-02-26,Bayern Munich,Dortmund,1,3,A
498,D1,2010,2011-05-07,Werder Bremen,Dortmund,2,0,H
499,D1,2010,2010-11-07,Hannover,Dortmund,0,4,A
500,D1,2010,2010-12-05,Nurnberg,Dortmund,0,2,A
501,D1,2010,2010-10-15,FC Koln,Dortmund,1,2,A
502,D1,2010,2011-04-09,Hamburg,Dortmund,1,1,D
503,D1,2010,2010-09-25,St Pauli,Dortmund,1,3,A
504,D1,2010,2010-09-19,Schalke 04,Dortmund,1,3,A
505,D1,2010,2010-10-31,Mainz,Dortmund,0,2,A
506,D1,2010,2011-01-29,Wolfsburg,Dortmund,0,3,A
507,D1,2010,2010-08-29,Stuttgart,Dortmund,1,3,A
508,D1,2010,2010-12-18,Ein Frankfurt,Dortmund,1,0,H
509,D1,2010,2010-11-20,Freiburg,Dortmund,1,2,A
510,D1,2010,2011-01-14,Leverkusen,Dortmund,1,3,A
511,D1,2010,2011-04-23,M'gladbach,Dortmund,1,0,H
512,D1,2010,2011-03-12,Hoffenheim,Dortmund,1,0,H
513,D1,2010,2011-02-12,Kaiserslautern,Dortmund,1,1,D
514,D2,2010,2011-04-30,Frankfurt FSV,Duisburg,0,4,A
515,D2,2010,2010-11-14,Aachen,Duisburg,2,2,D
516,D2,2010,2011-02-11,Augsburg,Duisburg,0,0,D
517,D2,2010,2010-10-18,Bielefeld,Duisburg,1,3,A
518,D2,2010,2010-08-22,Osnabruck,Duisburg,1,3,A
519,D2,2010,2011-03-11,Karlsruhe,Duisburg,3,1,H
520,D2,2010,2010-11-27,Hertha,Duisburg,0,2,A
521,D2,2010,2011-02-25,Oberhausen,Duisburg,0,0,D
522,D2,2010,2011-01-29,Munich 1860,Duisburg,1,1,D
523,D2,2010,2010-09-26,Union Berlin,Duisburg,2,0,H
524,D2,2010,2010-09-19,Erzgebirge Aue,Duisburg,1,0,H
525,D2,2010,2011-01-21,Ingolstadt,Duisburg,1,1,D
526,D2,2010,2010-12-11,Paderborn,Duisburg,0,0,D
527,D2,2010,2011-04-16,Cottbus,Duisburg,3,1,H
528,D2,2010,2010-11-01,Fortuna Dusseldorf,Duisburg,1,0,H
529,D2,2010,2011-04-02,Greuther Furth,Duisburg,2,1,H
530,D2,2010,2011-05-15,Bochum,Duisburg,3,1,H
531,D1,2010,2010-12-11,FC Koln,Ein Frankfurt,1,0,H
532,D1,2010,2010-09-11,M'gladbach,Ein Frankfurt,0,4,A
533,D1,2010,2010-08-21,Hannover,Ein Frankfurt,2,1,H
534,D1,2010,2011-02-06,Freiburg,Ein Frankfurt,0,0,D
535,D1,2010,2011-01-21,Hamburg,Ein Frankfurt,1,0,H
536,D1,2010,2010-10-17,Kaiserslautern,Ein Frankfurt,0,3,A
537,D1,2010,2011-04-30,Mainz,Ein Frankfurt,3,0,H
538,D1,2010,2010-09-22,Leverkusen,Ein Frankfurt,2,1,H
539,D1,2010,2010-10-03,Stuttgart,Ein Frankfurt,1,2,A
540,D1,2010,2010-10-30,St Pauli,Ein Frankfurt,1,3,A
541,D1,2010,2011-02-18,Nurnberg,Ein Frankfurt,3,0,H
542,D1,2010,2010-11-13,Werder Bremen,Ein Frankfurt,0,0,D
543,D1,2010,2011-04-16,Hoffenheim,Ein Frankfurt,1,0,H
544,D1,2010,2011-04-03,Wolfsburg,Ein Frankfurt,1,1,D
545,D1,2010,2010-11-27,Bayern Munich,Ein Frankfurt,4,1,H
546,D1,2010,2011-03-12,Schalke 04,Ein Frankfurt,2,1,H
547,D1,2010,2011-05-14,Dortmund,Ein Frankfurt,3,1,H
548,D1,2010,2011-01-29,St Pauli,FC Koln,3,0,H
549,D1,2010,2011-03-19,Hamburg,FC Koln,6,2,H
550,D1,2010,2010-09-21,Mainz,FC Koln,2,0,H
551,D1,2010,2010-10-02,Freiburg,FC Koln,3,2,H
552,D1,2010,2010-12-18,Schalke 04,FC Koln,3,0,H
553,D1,2010,2011-05-07,Ein Frankfurt,FC Koln,0,2,A
554,D1,2010,2011-03-04,Dortmund,FC Koln,1,0,H
555,D1,2010,2010-12-05,Leverkusen,FC Koln,3,2,H
556,D1,2010,2010-11-06,Nurnberg,FC Koln,3,1,H
557,D1,2010,2011-04-24,Wolfsburg,FC Koln,4,1,H
558,D1,2010,2010-09-18,Bayern Munich,FC Koln,0,0,D
559,D1,2010,2011-02-19,Hoffenheim,FC Koln,1,1,D
560,D1,2010,2010-08-28,Werder Bremen,FC Koln,4,2,H
561,D1,2010,2011-01-16,Kaiserslautern,FC Koln,1,1,D
562,D1,2010,2011-04-10,M'gladbach,FC Koln,5,1,H
563,D1,2010,2010-10-23,Hannover,FC Koln,2,1,H
564,D1,2010,2010-11-21,Stuttgart,FC Koln,0,1,A
565,D1,2010,2010-11-14,Hoffenheim,Freiburg,0,1,A
566,D1,2010,2010-10-29,Bayern Munich,Freiburg,4,2,H
567,D1,2010,2011-04-02,Mainz,Freiburg,1,1,D
568,D1,2010,2010-12-19,Leverkusen,Freiburg,2,2,D
569,D1,2010,2011-04-30,Hamburg,Freiburg,0,2,A
570,D1,2010,2011-01-30,Stuttgart,Freiburg,0,1,A
571,D1,2010,2010-11-27,Hannover,Freiburg,3,0,H
572,D1,2010,2011-04-17,Dortmund,Freiburg,3,0,H
573,D1,2010,2011-02-12,Schalke 04,Freiburg,1,0,H
574,D1,2010,2011-03-12,Kaiserslautern,Freiburg,2,1,H
575,D1,2010,2011-05-07,M'gladbach,Freiburg,2,0,H
576,D1,2010,2010-10-16,Werder Bremen,Freiburg,2,1,H
577,D1,2010,2011-02-26,FC Koln,Freiburg,1,0,H
578,D1,2010,2010-08-28,Nurnberg,Freiburg,1,2,A
579,D1,2010,2010-09-17,Ein Frankfurt,Freiburg,0,1,A
580,D1,2010,2011-01-15,St Pauli,Freiburg,2,2,D
581,D1,2010,2010-09-26,Wolfsburg,Freiburg,2,1,H
582,D1,2010,2011-03-12,Bayern Munich,Hamburg,6,0,H
583,D1,2010,2010-10-16,Mainz,Hamburg,0,1,A
584,D1,2010,2011-04-02,Hoffenheim,Hamburg,0,0,D
585,D1,2010,2011-01-29,Nurnberg,Hamburg,2,0,H
586,D1,2010,2011-02-12,Wolfsburg,Hamburg,0,1,A
587,D1,2010,2010-08-28,Ein Frankfurt,Hamburg,1,3,A
588,D1,2010,2010-12-17,M'gladbach,Hamburg,1,2,A
589,D1,2010,2011-01-15,Schalke 04,Hamburg,0,1,A
590,D1,2010,2010-12-04,Freiburg,Hamburg,1,0,H
591,D1,2010,2010-11-20,Hannover,Hamburg,3,2,H
592,D1,2010,2010-11-12,Dortmund,Hamburg,2,0,H
593,D1,2010,2010-09-19,St Pauli,Hamburg,1,1,D
594,D1,2010,2010-09-25,Werder Bremen,Hamburg,3,2,H
595,D1,2010,2011-02-26,Kaiserslautern,Hamburg,1,1,D
596,D1,2010,2011-04-23,Stuttgart,Hamburg,3,0,H
597,D1,2010,2011-05-07,Leverkusen,Hamburg,1,1,D
598,D1,2010,2010-10-30,FC Koln,Hamburg,3,2,H
599,D1,2010,2010-11-07,Leverkusen,Kaiserslautern,3,1,H
600,D1,2010,2010-10-02,Hamburg,Kaiserslautern,2,1,H
601,D1,2010,2010-09-22,Dortmund,Kaiserslautern,5,0,H
602,D1,2010,2011-02-05,Hoffenheim,Kaiserslautern,3,2,H
603,D1,2010,2011-01-22,Bayern Munich,Kaiserslautern,5,1,H
604,D1,2010,2010-08-21,FC Koln,Kaiserslautern,1,3,A
605,D1,2010,2010-11-20,Nurnberg,Kaiserslautern,1,3,A
606,D1,2010,2011-04-23,Schalke 04,Kaiserslautern,0,1,A
607,D1,2010,2011-04-09,Stuttgart,Kaiserslautern,2,4,A
608,D1,2010,2011-03-18,M'gladbach,Kaiserslautern,0,1,A
609,D1,2010,2010-12-18,Werder Bremen,Kaiserslautern,1,2,A
610,D1,2010,2011-02-19,Hannover,Kaiserslautern,3,0,H
611,D1,2010,2010-12-03,St Pauli,Kaiserslautern,1,0,H
612,D1,2010,2010-09-12,Mainz,Kaiserslautern,2,1,H
613,D1,2010,2010-10-23,Freiburg,Kaiserslautern,2,1,H
614,D1,2010,2011-03-05,Ein Frankfurt,Kaiserslautern,0,0,D
615,D1,2010,2011-05-07,Wolfsburg,Kaiserslautern,1,2,A
616,D2,2010,2010-11-21,Augsburg,Karlsruhe,3,1,H
617,D2,2010,2011-05-08,Bielefeld,Karlsruhe,2,1,H
618,D2,2010,2010-09-13,Cottbus,Karlsruhe,5,5,D
619,D2,2010,2010-12-05,Fortuna Dusseldorf,Karlsruhe,1,0,H
620,D2,2010,2011-01-22,Aachen,Karlsruhe,4,2,H
621,D2,2010,2011-04-10,Erzgebirge Aue,Karlsruhe,1,1,D
622,D2,2010,2010-11-08,Osnabruck,Karlsruhe,0,0,D
623,D2,2010,2011-03-05,Bochum,Karlsruhe,1,1,D
624,D2,2010,2011-02-05,Paderborn,Karlsruhe,3,0,H
625,D2,2010,2010-10-24,Duisburg,Karlsruhe,3,0,H
626,D2,2010,2010-12-20,Union Berlin,Karlsruhe,3,1,H
627,D2,2010,2011-04-23,Oberhausen,Karlsruhe,2,1,H
628,D2,2010,2010-09-21,Hertha,Karlsruhe,4,0,H
629,D2,2010,2011-02-20,Frankfurt FSV,Karlsruhe,1,2,A
630,D2,2010,2010-10-01,Ingolstadt,Karlsruhe,1,1,D
631,D2,2010,2010-08-22,Greuther Furth,Karlsruhe,4,1,H
632,D2,2010,2011-03-18,Munich 1860,Karlsruhe,5,1,H
633,D1,2010,2010-12-11,Hamburg,Leverkusen,2,4,A
634,D1,2010,2010-09-25,Stuttgart,Leverkusen,1,4,A
635,D1,2010,2011-02-27,Werder Bremen,Leverkusen,2,2,D
636,D1,2010,2010-09-11,Hannover,Leverkusen,2,2,D
637,D1,2010,2011-01-23,M'gladbach,Leverkusen,1,3,A
638,D1,2010,2011-02-12,Ein Frankfurt,Leverkusen,0,3,A
639,D1,2010,2011-03-13,Mainz,Leverkusen,0,1,A
640,D1,2010,2011-04-17,Bayern Munich,Leverkusen,5,1,H
641,D1,2010,2010-10-30,Schalke 04,Leverkusen,0,1,A
642,D1,2010,2011-02-05,Nurnberg,Leverkusen,1,0,H
643,D1,2010,2011-05-14,Freiburg,Leverkusen,0,1,A
644,D1,2010,2010-08-22,Dortmund,Leverkusen,0,2,A
645,D1,2010,2010-11-13,St Pauli,Leverkusen,0,1,A
646,D1,2010,2011-04-30,FC Koln,Leverkusen,2,0,H
647,D1,2010,2011-04-02,Kaiserslautern,Leverkusen,0,1,A
648,D1,2010,2010-10-16,Wolfsburg,Leverkusen,2,3,A
649,D1,2010,2010-11-27,Hoffenheim,Leverkusen,2,2,D
650,D1,2010,2010-08-21,M'gladbach,Nurnberg,1,1,D
651,D1,2010,2011-01-22,Freiburg,Nurnberg,1,1,D
652,D1,2010,2011-04-30,Dortmund,Nurnberg,2,0,H
653,D1,2010,2010-11-26,Mainz,Nurnberg,3,0,H
654,D1,2010,2010-11-14,Bayern Munich,Nurnberg,3,0,H
655,D1,2010,2011-04-16,Kaiserslautern,Nurnberg,0,2,A
656,D1,2010,2011-05-14,Hannover,Nurnberg,3,1,H
657,D1,2010,2010-12-11,Hoffenheim,Nurnberg,1,1,D
658,D1,2010,2010-09-25,Ein Frankfurt,Nurnberg,2,0,H
659,D1,2010,2010-09-19,Leverkusen,Nurnberg,0,0,D
660,D1,2010,2010-10-30,Werder Bremen,Nurnberg,2,3,A
661,D1,2010,2011-03-12,Wolfsburg,Nurnberg,1,2,A
662,D1,2010,2011-02-12,Stuttgart,Nurnberg,1,4,A
663,D1,2010,2010-09-11,Hamburg,Nurnberg,1,1,D
664,D1,2010,2011-04-03,FC Koln,Nurnberg,1,0,H
665,D1,2010,2010-10-16,St Pauli,Nurnberg,3,2,H
666,D1,2010,2011-02-26,Schalke 04,Nurnberg,1,1,D
667,D1,2010,2011-01-22,Hannover,Schalke 04,0,1,A
668,D1,2010,2010-11-27,Kaiserslautern,Schalke 04,5,0,H
669,D1,2010,2010-11-13,Wolfsburg,Schalke 04,2,2,D
670,D1,2010,2010-09-22,Freiburg,Schalke 04,1,2,A
671,D1,2010,2011-04-30,Bayern Munich,Schalke 04,4,1,H
672,D1,2010,2011-05-14,FC Koln,Schalke 04,2,1,H
673,D1,2010,2011-04-01,St Pauli,Schalke 04,0,2,A
674,D1,2010,2010-10-23,Ein Frankfurt,Schalke 04,0,0,D
675,D1,2010,2010-08-21,Hamburg,Schalke 04,2,1,H
676,D1,2010,2011-02-04,Dortmund,Schalke 04,0,0,D
677,D1,2010,2010-10-02,Nurnberg,Schalke 04,2,1,H
678,D1,2010,2011-03-20,Leverkusen,Schalke 04,2,0,H
679,D1,2010,2010-09-10,Hoffenheim,Schalke 04,2,0,H
680,D1,2010,2011-02-20,M'gladbach,Schalke 04,2,1,H
681,D1,2010,2011-04-16,Werder Bremen,Schalke 04,1,1,D
682,D1,2010,2011-03-05,Stuttgart,Schalke 04,1,0,H
683,D1,2010,2010-12-12,Mainz,Schalke 04,0,1,A
684,D1,2010,2011-04-30,Hoffenheim,Stuttgart,1,2,A
685,D1,2010,2011-04-16,FC Koln,Stuttgart,1,3,A
686,D1,2010,2010-10-16,Schalke 04,Stuttgart,2,2,D
687,D1,2010,2010-09-22,Nurnberg,Stuttgart,2,1,H
688,D1,2010,2010-10-30,Wolfsburg,Stuttgart,2,0,H
689,D1,2010,2011-02-20,Leverkusen,Stuttgart,4,2,H
690,D1,2010,2011-03-13,St Pauli,Stuttgart,1,2,A
691,D1,2010,2010-11-13,Kaiserslautern,Stuttgart,3,3,D
692,D1,2010,2011-02-05,M'gladbach,Stuttgart,2,3,A
693,D1,2010,2010-08-22,Mainz,Stuttgart,2,0,H
694,D1,2010,2010-11-27,Hamburg,Stuttgart,4,2,H
695,D1,2010,2011-01-22,Dortmund,Stuttgart,1,1,D
696,D1,2010,2011-02-27,Ein Frankfurt,Stuttgart,0,2,A
697,D1,2010,2010-09-11,Freiburg,Stuttgart,2,1,H
698,D1,2010,2011-04-02,Werder Bremen,Stuttgart,1,1,D
699,D1,2010,2011-05-14,Bayern Munich,Stuttgart,2,1,H
700,D1,2010,2010-12-10,Hannover,Stuttgart,2,1,H
701,D1,2010,2010-10-03,Leverkusen,Werder Bremen,2,2,D
702,D1,2010,2010-11-07,Stuttgart,Werder Bremen,6,0,H
703,D1,2010,2010-11-20,Schalke 04,Werder Bremen,4,0,H
704,D1,2010,2010-09-11,Bayern Munich,Werder Bremen,0,0,D
705,D1,2010,2010-09-21,Hannover,Werder Bremen,4,1,H
706,D1,2010,2011-03-06,Freiburg,Werder Bremen,1,3,A
707,D1,2010,2010-12-11,Dortmund,Werder Bremen,2,0,H
708,D1,2010,2010-10-23,M'gladbach,Werder Bremen,1,4,A
709,D1,2010,2011-01-22,FC Koln,Werder Bremen,3,0,H
710,D1,2010,2011-04-23,St Pauli,Werder Bremen,1,3,A
711,D1,2010,2010-12-04,Wolfsburg,Werder Bremen,0,0,D
712,D1,2010,2010-08-21,Hoffenheim,Werder Bremen,4,1,H
713,D1,2010,2011-02-05,Mainz,Werder Bremen,1,1,D
714,D1,2010,2011-03-19,Nurnberg,Werder Bremen,1,3,A
715,D1,2010,2011-02-19,Hamburg,Werder Bremen,4,0,H
716,D1,2010,2011-05-14,Kaiserslautern,Werder Bremen,3,2,H
717,D1,2010,2011-04-08,Ein Frankfurt,Werder Bremen,1,1,D
718,D2,2010,2011-01-15,Munich 1860,Bochum,1,3,A
719,D2,2010,2011-03-13,Aachen,Bochum,1,3,A
720,D2,2010,2011-04-04,Frankfurt FSV,Bochum,0,1,A
721,D2,2010,2010-09-27,Fortuna Dusseldorf,Bochum,0,1,A
722,D2,2010,2010-11-15,Hertha,Bochum,2,0,H
723,D2,2010,2010-10-31,Cottbus,Bochum,2,1,H
724,D2,2010,2011-04-15,Ingolstadt,Bochum,3,0,H
725,D2,2010,2010-10-16,Karlsruhe,Bochum,0,2,A
726,D2,2010,2010-12-17,Duisburg,Bochum,0,1,A
727,D2,2010,2011-02-13,Bielefeld,Bochum,2,2,D
728,D2,2010,2011-02-27,Greuther Furth,Bochum,1,1,D
729,D2,2010,2010-09-18,Oberhausen,Bochum,3,1,H
730,D2,2010,2011-04-21,Paderborn,Bochum,0,0,D
731,D2,2010,2010-08-27,Erzgebirge Aue,Bochum,1,0,H
732,D2,2010,2010-12-06,Union Berlin,Bochum,0,1,A
733,D2,2010,2011-01-31,Augsburg,Bochum,0,1,A
734,D2,2010,2011-05-08,Osnabruck,Bochum,1,3,A
735,D1,2010,2011-02-13,Werder Bremen,Hannover,1,1,D
736,D1,2010,2011-04-02,Dortmund,Hannover,4,1,H
737,D1,2010,2011-02-26,St Pauli,Hannover,0,1,A
738,D1,2010,2010-10-16,Bayern Munich,Hannover,3,0,H
739,D1,2010,2010-08-28,Schalke 04,Hannover,1,2,A
740,D1,2010,2010-10-31,Hoffenheim,Hannover,4,0,H
741,D1,2010,2011-05-07,Stuttgart,Hannover,2,1,H
742,D1,2010,2010-11-13,Mainz,Hannover,0,1,A
743,D1,2010,2011-04-16,Hamburg,Hannover,0,0,D
744,D1,2010,2010-12-04,M'gladbach,Hannover,1,2,A
745,D1,2010,2011-03-11,FC Koln,Hannover,4,0,H
746,D1,2010,2010-09-26,Kaiserslautern,Hannover,0,1,A
747,D1,2010,2011-01-28,Leverkusen,Hannover,2,0,H
748,D1,2010,2011-01-16,Ein Frankfurt,Hannover,0,3,A
749,D1,2010,2010-09-18,Wolfsburg,Hannover,2,0,H
750,D1,2010,2010-12-18,Nurnberg,Hannover,3,1,H
751,D1,2010,2011-04-21,Freiburg,Hannover,1,3,A
752,D2,2010,2011-05-08,Erzgebirge Aue,Hertha,0,2,A
753,D2,2010,2010-11-07,Paderborn,Hertha,1,0,H
754,D2,2010,2010-12-18,Augsburg,Hertha,1,1,D
755,D2,2010,2010-11-19,Osnabruck,Hertha,2,0,H
756,D2,2010,2011-01-30,Bielefeld,Hertha,1,3,A
757,D2,2010,2010-09-17,Union Berlin,Hertha,1,1,D
758,D2,2010,2011-02-13,Karlsruhe,Hertha,2,6,A
759,D2,2010,2010-10-16,Frankfurt FSV,Hertha,0,1,A
760,D2,2010,2010-09-24,Cottbus,Hertha,0,1,A
761,D2,2010,2010-08-30,Fortuna Dusseldorf,Hertha,1,2,A
762,D2,2010,2010-12-05,Munich 1860,Hertha,1,0,H
763,D2,2010,2011-01-17,Oberhausen,Hertha,1,3,A
764,D2,2010,2011-03-18,Ingolstadt,Hertha,1,1,D
765,D2,2010,2011-02-26,Aachen,Hertha,0,5,A
766,D2,2010,2011-03-14,Greuther Furth,Hertha,0,2,A
767,D2,2010,2011-04-11,Bochum,Hertha,0,2,A
768,D2,2010,2011-04-25,Duisburg,Hertha,0,1,A
769,D1,2010,2011-04-24,Nurnberg,Mainz,0,0,D
770,D1,2010,2010-11-06,Freiburg,Mainz,1,0,H
771,D1,2010,2011-05-07,Schalke 04,Mainz,1,3,A
772,D1,2010,2010-09-25,Bayern Munich,Mainz,1,2,A
773,D1,2010,2011-04-09,Hannover,Mainz,2,0,H
774,D1,2010,2011-01-29,Kaiserslautern,Mainz,0,1,A
775,D1,2010,2010-09-18,Werder Bremen,Mainz,0,2,A
776,D1,2010,2010-08-28,Wolfsburg,Mainz,3,4,A
777,D1,2010,2010-12-18,St Pauli,Mainz,2,4,A
778,D1,2010,2011-03-19,Dortmund,Mainz,1,1,D
779,D1,2010,2011-03-06,Hamburg,Mainz,2,4,A
780,D1,2010,2011-02-26,Hoffenheim,Mainz,1,2,A
781,D1,2010,2011-02-13,FC Koln,Mainz,4,2,H
782,D1,2010,2010-11-20,M'gladbach,Mainz,2,3,A
783,D1,2010,2011-01-15,Stuttgart,Mainz,1,0,H
784,D1,2010,2010-12-04,Ein Frankfurt,Mainz,2,1,H
785,D1,2010,2010-10-24,Leverkusen,Mainz,0,1,A
786,D2,2010,2011-05-15,Paderborn,Munich 1860,3,2,H
787,D2,2010,2010-11-29,Greuther Furth,Munich 1860,1,0,H
788,D2,2010,2010-08-23,Bochum,Munich 1860,3,2,H
789,D2,2010,2011-04-03,Aachen,Munich 1860,2,1,H
790,D2,2010,2011-01-21,Osnabruck,Munich 1860,0,1,A
791,D2,2010,2010-11-14,Cottbus,Munich 1860,0,0,D
792,D2,2010,2011-04-29,Hertha,Munich 1860,1,2,A
793,D2,2010,2010-10-17,Oberhausen,Munich 1860,0,0,D
794,D2,2010,2011-02-14,Erzgebirge Aue,Munich 1860,1,0,H
795,D2,2010,2011-02-25,Union Berlin,Munich 1860,0,1,A
796,D2,2010,2010-09-19,Fortuna Dusseldorf,Munich 1860,1,2,A
797,D2,2010,2011-04-15,Frankfurt FSV,Munich 1860,2,1,H
798,D2,2010,2010-09-11,Duisburg,Munich 1860,2,1,H
799,D2,2010,2010-10-30,Karlsruhe,Munich 1860,2,4,A
800,D2,2010,2011-03-13,Bielefeld,Munich 1860,0,3,A
801,D2,2010,2010-09-26,Augsburg,Munich 1860,1,2,A
802,D2,2010,2010-12-12,Ingolstadt,Munich 1860,1,1,D
803,D1,2010,2011-04-10,Leverkusen,St Pauli,2,1,H
804,D1,2010,2011-03-05,Nurnberg,St Pauli,5,0,H
805,D1,2010,2011-05-14,Mainz,St Pauli,2,1,H
806,D1,2010,2011-02-16,Hamburg,St Pauli,0,1,A
807,D1,2010,2010-09-22,M'gladbach,St Pauli,1,2,A
808,D1,2010,2011-02-19,Dortmund,St Pauli,2,0,H
809,D1,2010,2010-10-01,Hannover,St Pauli,0,1,A
810,D1,2010,2010-09-12,FC Koln,St Pauli,1,0,H
811,D1,2010,2010-12-11,Bayern Munich,St Pauli,3,0,H
812,D1,2010,2011-04-29,Kaiserslautern,St Pauli,2,0,H
813,D1,2010,2010-10-24,Stuttgart,St Pauli,2,0,H
814,D1,2010,2011-03-19,Ein Frankfurt,St Pauli,2,1,H
815,D1,2010,2010-08-21,Freiburg,St Pauli,1,3,A
816,D1,2010,2011-01-23,Hoffenheim,St Pauli,2,2,D
817,D1,2010,2010-11-28,Werder Bremen,St Pauli,3,0,H
818,D1,2010,2011-04-16,Wolfsburg,St Pauli,2,2,D
819,D1,2010,2010-11-05,Schalke 04,St Pauli,3,0,H
820,D1,2010,2010-08-20,Bayern Munich,Wolfsburg,2,1,H
821,D1,2010,2010-10-02,M'gladbach,Wolfsburg,1,1,D
822,D1,2010,2010-11-06,Ein Frankfurt,Wolfsburg,3,1,H
823,D1,2010,2011-01-22,Mainz,Wolfsburg,0,1,A
824,D1,2010,2011-05-14,Hoffenheim,Wolfsburg,1,3,A
825,D1,2010,2011-03-20,Stuttgart,Wolfsburg,1,1,D
826,D1,2010,2011-02-05,Hannover,Wolfsburg,1,0,H
827,D1,2010,2010-09-22,Hamburg,Wolfsburg,1,3,A
828,D1,2010,2011-03-05,Leverkusen,Wolfsburg,3,0,H
829,D1,2010,2011-02-19,Freiburg,Wolfsburg,2,1,H
830,D1,2010,2010-09-11,Dortmund,Wolfsburg,2,0,H
831,D1,2010,2010-12-11,Kaiserslautern,Wolfsburg,0,0,D
832,D1,2010,2011-04-09,Schalke 04,Wolfsburg,1,0,H
833,D1,2010,2010-11-21,St Pauli,Wolfsburg,1,1,D
834,D1,2010,2011-04-29,Werder Bremen,Wolfsburg,0,1,A
835,D1,2010,2010-10-23,Nurnberg,Wolfsburg,2,1,H
836,D1,2010,2010-11-28,FC Koln,Wolfsburg,1,1,D
837,D1,2010,2010-12-12,Freiburg,M'gladbach,3,0,H
838,D1,2010,2010-11-27,Dortmund,M'gladbach,4,1,H
839,D1,2010,2010-08-29,Leverkusen,M'gladbach,3,6,A
840,D1,2010,2010-11-13,FC Koln,M'gladbach,0,4,A
841,D1,2010,2011-04-30,Hannover,M'gladbach,0,1,A
842,D1,2010,2010-09-25,Schalke 04,M'gladbach,2,2,D
843,D1,2010,2011-03-12,Werder Bremen,M'gladbach,1,1,D
844,D1,2010,2011-04-02,Bayern Munich,M'gladbach,1,0,H
845,D1,2010,2010-10-17,Hoffenheim,M'gladbach,3,2,H
846,D1,2010,2011-01-15,Nurnberg,M'gladbach,0,1,A
847,D1,2010,2011-01-30,Ein Frankfurt,M'gladbach,0,1,A
848,D1,2010,2010-10-30,Kaiserslautern,M'gladbach,3,0,H
849,D1,2010,2011-04-15,Mainz,M'gladbach,1,0,H
850,D1,2010,2011-05-14,Hamburg,M'gladbach,1,1,D
851,D1,2010,2011-02-25,Wolfsburg,M'gladbach,2,1,H
852,D1,2010,2010-09-18,Stuttgart,M'gladbach,7,0,H
853,D1,2010,2011-02-12,St Pauli,M'gladbach,3,1,H
854,D2,2010,2011-05-15,Aachen,Bielefeld,1,1,D
855,D2,2010,2010-10-01,Paderborn,Bielefeld,3,1,H
856,D2,2010,2010-09-12,Hertha,Bielefeld,3,1,H
857,D2,2010,2011-04-24,Fortuna Dusseldorf,Bielefeld,2,0,H
858,D2,2010,2010-08-20,Frankfurt FSV,Bielefeld,2,1,H
859,D2,2010,2011-04-30,Greuther Furth,Bielefeld,1,0,H
860,D2,2010,2011-04-08,Osnabruck,Bielefeld,0,0,D
861,D2,2010,2011-01-22,Cottbus,Bielefeld,2,1,H
862,D2,2010,2010-12-10,Karlsruhe,Bielefeld,1,0,H
863,D2,2010,2011-02-20,Erzgebirge Aue,Bielefeld,3,0,H
864,D2,2010,2011-03-06,Duisburg,Bielefeld,1,2,A
865,D2,2010,2010-10-23,Munich 1860,Bielefeld,0,0,D
866,D2,2010,2010-11-19,Oberhausen,Bielefeld,3,0,H
867,D2,2010,2010-09-22,Bochum,Bielefeld,3,1,H
868,D2,2010,2010-11-06,Augsburg,Bielefeld,3,0,H
869,D2,2010,2011-02-06,Ingolstadt,Bielefeld,1,0,H
870,D2,2010,2011-03-20,Union Berlin,Bielefeld,2,2,D
871,D2,2010,2011-02-21,Hertha,Cottbus,2,2,D
872,D2,2010,2011-03-05,Paderborn,Cottbus,0,5,A
873,D2,2010,2011-02-12,Greuther Furth,Cottbus,3,1,H
874,D2,2010,2010-08-29,Bielefeld,Cottbus,1,2,A
875,D2,2010,2010-12-04,Augsburg,Cottbus,4,0,H
876,D2,2010,2011-04-09,Munich 1860,Cottbus,4,0,H
877,D2,2010,2011-04-21,Erzgebirge Aue,Cottbus,1,2,A
878,D2,2010,2010-12-19,Oberhausen,Cottbus,0,4,A
879,D2,2010,2011-01-30,Karlsruhe,Cottbus,1,0,H
880,D2,2010,2010-11-22,Duisburg,Cottbus,2,2,D
881,D2,2010,2011-03-21,Bochum,Cottbus,1,0,H
882,D2,2010,2010-10-22,Osnabruck,Cottbus,2,0,H
883,D2,2010,2010-11-05,Ingolstadt,Cottbus,1,2,A
884,D2,2010,2010-10-03,Frankfurt FSV,Cottbus,3,2,H
885,D2,2010,2010-09-17,Aachen,Cottbus,2,3,A
886,D2,2010,2011-05-08,Union Berlin,Cottbus,4,2,H
887,D2,2010,2011-01-15,Fortuna Dusseldorf,Cottbus,3,1,H
888,D2,2010,2011-01-29,Aachen,Greuther Furth,2,2,D
889,D2,2010,2011-03-20,Erzgebirge Aue,Greuther Furth,0,0,D
890,D2,2010,2011-02-18,Ingolstadt,Greuther Furth,0,2,A
891,D2,2010,2010-09-21,Cottbus,Greuther Furth,2,0,H
892,D2,2010,2010-12-18,Fortuna Dusseldorf,Greuther Furth,1,0,H
893,D2,2010,2010-11-06,Duisburg,Greuther Furth,2,0,H
894,D2,2010,2011-02-04,Frankfurt FSV,Greuther Furth,0,0,D
895,D2,2010,2010-10-02,Bochum,Greuther Furth,0,2,A
896,D2,2010,2011-04-08,Augsburg,Greuther Furth,0,0,D
897,D2,2010,2011-05-08,Oberhausen,Greuther Furth,1,4,A
898,D2,2010,2010-10-22,Hertha,Greuther Furth,2,0,H
899,D2,2010,2010-12-04,Bielefeld,Greuther Furth,1,4,A
900,D2,2010,2011-03-04,Osnabruck,Greuther Furth,0,2,A
901,D2,2010,2010-08-28,Union Berlin,Greuther Furth,1,2,A
902,D2,2010,2010-11-20,Paderborn,Greuther Furth,0,4,A
903,D2,2010,2011-04-23,Munich 1860,Greuther Furth,3,0,H
904,D2,2010,2011-01-14,Karlsruhe,Greuther Furth,1,1,D
905,D2,2010,2011-02-20,Osnabruck,Oberhausen,3,1,H
906,D2,2010,2010-11-07,Union Berlin,Oberhausen,2,1,H
907,D2,2010,2011-04-29,Aachen,Oberhausen,4,0,H
908,D2,2010,2011-02-06,Bochum,Oberhausen,2,1,H
909,D2,2010,2011-03-04,Munich 1860,Oberhausen,1,1,D
910,D2,2010,2011-04-17,Bielefeld,Oberhausen,3,3,D
911,D2,2010,2011-01-23,Frankfurt FSV,Oberhausen,4,0,H
912,D2,2010,2010-08-20,Hertha,Oberhausen,3,2,H
913,D2,2010,2010-09-10,Ingolstadt,Oberhausen,1,2,A
914,D2,2010,2010-09-21,Paderborn,Oberhausen,0,0,D
915,D2,2010,2010-10-01,Duisburg,Oberhausen,3,0,H
916,D2,2010,2011-03-19,Augsburg,Oberhausen,2,0,H
917,D2,2010,2010-11-28,Karlsruhe,Oberhausen,4,0,H
918,D2,2010,2010-11-12,Fortuna Dusseldorf,Oberhausen,3,0,H
919,D2,2010,2010-10-25,Erzgebirge Aue,Oberhausen,2,0,H
920,D2,2010,2011-05-15,Cottbus,Oberhausen,3,1,H
921,D2,2010,2010-12-10,Greuther Furth,Oberhausen,0,0,D
922,D2,2010,2010-10-04,Hertha,Aachen,0,0,D
923,D2,2010,2010-10-24,Bochum,Aachen,1,1,D
924,D2,2010,2010-11-21,Erzgebirge Aue,Aachen,2,1,H
925,D2,2010,2010-09-21,Frankfurt FSV,Aachen,1,3,A
926,D2,2010,2011-02-19,Paderborn,Aachen,1,3,A
927,D2,2010,2011-04-24,Augsburg,Aachen,1,2,A
928,D2,2010,2011-05-08,Fortuna Dusseldorf,Aachen,3,1,H
929,D2,2010,2011-03-19,Osnabruck,Aachen,1,3,A
930,D2,2010,2010-12-03,Oberhausen,Aachen,1,2,A
931,D2,2010,2010-09-12,Greuther Furth,Aachen,1,1,D
932,D2,2010,2010-11-07,Munich 1860,Aachen,2,1,H
933,D2,2010,2011-03-06,Ingolstadt,Aachen,2,1,H
934,D2,2010,2011-04-08,Duisburg,Aachen,3,2,H
935,D2,2010,2010-12-17,Bielefeld,Aachen,1,3,A
936,D2,2010,2011-02-04,Cottbus,Aachen,3,3,D
937,D2,2010,2010-08-29,Karlsruhe,Aachen,3,0,H
938,D2,2010,2011-01-14,Union Berlin,Aachen,2,1,H
939,D2,2010,2010-11-13,Bielefeld,Osnabruck,2,1,H
940,D2,2010,2011-03-13,Cottbus,Osnabruck,2,0,H
941,D2,2010,2010-08-29,Munich 1860,Osnabruck,3,1,H
942,D2,2010,2011-02-27,Fortuna Dusseldorf,Osnabruck,2,1,H
943,D2,2010,2010-10-15,Greuther Furth,Osnabruck,3,0,H
944,D2,2010,2011-05-15,Ingolstadt,Osnabruck,0,1,A
945,D2,2010,2011-04-01,Karlsruhe,Osnabruck,2,2,D
946,D2,2010,2010-12-12,Bochum,Osnabruck,2,1,H
947,D2,2010,2010-09-26,Oberhausen,Osnabruck,1,0,H
948,D2,2010,2011-01-16,Duisburg,Osnabruck,4,1,H
949,D2,2010,2011-02-11,Union Berlin,Osnabruck,3,3,D
950,D2,2010,2011-04-29,Paderborn,Osnabruck,1,0,H
951,D2,2010,2011-01-28,Erzgebirge Aue,Osnabruck,0,1,A
952,D2,2010,2010-09-19,Augsburg,Osnabruck,2,2,D
953,D2,2010,2010-11-26,Frankfurt FSV,Osnabruck,4,1,H
954,D2,2010,2010-10-31,Aachen,Osnabruck,2,1,H
955,D2,2010,2011-04-16,Hertha,Osnabruck,4,0,H
956,D2,2010,2011-04-29,Bochum,Union Berlin,3,0,H
957,D2,2010,2010-10-03,Munich 1860,Union Berlin,1,0,H
958,D2,2010,2011-05-15,Karlsruhe,Union Berlin,3,2,H
959,D2,2010,2011-02-05,Hertha,Union Berlin,1,2,A
960,D2,2010,2010-09-22,Osnabruck,Union Berlin,4,1,H
961,D2,2010,2010-11-28,Ingolstadt,Union Berlin,1,0,H
962,D2,2010,2011-01-23,Greuther Furth,Union Berlin,1,0,H
963,D2,2010,2010-12-13,Cottbus,Union Berlin,0,0,D
964,D2,2010,2010-08-20,Aachen,Union Berlin,2,2,D
965,D2,2010,2011-04-03,Oberhausen,Union Berlin,0,2,A
966,D2,2010,2010-11-13,Frankfurt FSV,Union Berlin,2,1,H
967,D2,2010,2011-04-15,Fortuna Dusseldorf,Union Berlin,3,0,H
968,D2,2010,2010-09-10,Paderborn,Union Berlin,2,0,H
969,D2,2010,2011-02-19,Duisburg,Union Berlin,0,1,A
970,D2,2010,2010-10-22,Augsburg,Union Berlin,2,1,H
971,D2,2010,2011-03-06,Erzgebirge Aue,Union Berlin,0,0,D
972,D2,2010,2010-10-29,Bielefeld,Union Berlin,1,2,A
973,D2,2010,2010-09-22,Munich 1860,Erzgebirge Aue,0,0,D
974,D2,2010,2010-10-15,Union Berlin,Erzgebirge Aue,1,1,D
975,D2,2010,2010-08-21,Paderborn,Erzgebirge Aue,0,1,A
976,D2,2010,2011-04-17,Aachen,Erzgebirge Aue,1,5,A
977,D2,2010,2010-11-28,Cottbus,Erzgebirge Aue,6,0,H
978,D2,2010,2010-09-25,Bielefeld,Erzgebirge Aue,0,1,A
979,D2,2010,2010-10-29,Greuther Furth,Erzgebirge Aue,1,2,A
980,D2,2010,2011-04-30,Ingolstadt,Erzgebirge Aue,0,0,D
981,D2,2010,2011-02-28,Augsburg,Erzgebirge Aue,2,1,H
982,D2,2010,2011-03-11,Oberhausen,Erzgebirge Aue,1,2,A
983,D2,2010,2011-01-24,Bochum,Erzgebirge Aue,2,0,H
984,D2,2010,2010-11-12,Karlsruhe,Erzgebirge Aue,1,1,D
985,D2,2010,2011-02-06,Duisburg,Erzgebirge Aue,3,1,H
986,D2,2010,2011-04-02,Fortuna Dusseldorf,Erzgebirge Aue,3,0,H
987,D2,2010,2011-05-15,Frankfurt FSV,Erzgebirge Aue,0,2,A
988,D2,2010,2010-12-12,Hertha,Erzgebirge Aue,2,0,H
989,D2,2010,2010-09-10,Osnabruck,Erzgebirge Aue,3,2,H
990,D2,2010,2010-09-18,Karlsruhe,Paderborn,2,1,H
991,D2,2010,2011-01-18,Erzgebirge Aue,Paderborn,1,0,H
992,D2,2010,2010-08-27,Augsburg,Paderborn,1,0,H
993,D2,2010,2011-01-30,Union Berlin,Paderborn,0,2,A
994,D2,2010,2010-09-24,Aachen,Paderborn,2,0,H
995,D2,2010,2010-11-26,Bochum,Paderborn,3,0,H
996,D2,2010,2010-11-14,Ingolstadt,Paderborn,1,2,A
997,D2,2010,2011-04-03,Hertha,Paderborn,2,0,H
998,D2,2010,2010-12-19,Munich 1860,Paderborn,0,1,A
999,D2,2010,2010-12-03,Osnabruck,Paderborn,2,2,D
1000,D2,2010,2011-04-17,Greuther Furth,Paderborn,2,0,H
1001,D2,2010,2011-03-12,Fortuna Dusseldorf,Paderborn,0,0,D
1002,D2,2010,2011-02-26,Bielefeld,Paderborn,1,1,D
1003,D2,2010,2010-10-29,Frankfurt FSV,Paderborn,2,0,H
1004,D2,2010,2011-05-08,Duisburg,Paderborn,3,1,H
1005,D2,2010,2011-02-11,Oberhausen,Paderborn,2,0,H
1006,D2,2010,2010-10-17,Cottbus,Paderborn,3,1,H
1007,D2,2010,2010-10-31,Oberhausen,Augsburg,0,3,A
1008,D2,2010,2011-05-15,Hertha,Augsburg,2,1,H
1009,D2,2010,2010-09-12,Bochum,Augsburg,0,2,A
1010,D2,2010,2011-04-18,Karlsruhe,Augsburg,0,1,A
1011,D2,2010,2011-01-21,Paderborn,Augsburg,1,1,D
1012,D2,2010,2011-04-01,Bielefeld,Augsburg,0,2,A
1013,D2,2010,2010-10-15,Fortuna Dusseldorf,Augsburg,1,0,H
1014,D2,2010,2011-03-12,Union Berlin,Augsburg,0,0,D
1015,D2,2010,2010-11-12,Greuther Furth,Augsburg,1,1,D
1016,D2,2010,2010-10-03,Erzgebirge Aue,Augsburg,3,2,H
1017,D2,2010,2010-09-22,Duisburg,Augsburg,1,0,H
1018,D2,2010,2010-08-21,Ingolstadt,Augsburg,1,4,A
1019,D2,2010,2010-12-11,Frankfurt FSV,Augsburg,1,2,A
1020,D2,2010,2010-11-27,Aachen,Augsburg,1,3,A
1021,D2,2010,2011-02-04,Osnabruck,Augsburg,0,2,A
1022,D2,2010,2011-05-02,Cottbus,Augsburg,1,1,D
1023,D2,2010,2011-02-18,Munich 1860,Augsburg,0,2,A
1024,D1,2010,2010-10-02,Mainz,Hoffenheim,4,2,H
1025,D1,2010,2011-05-07,Nurnberg,Hoffenheim,1,2,A
1026,D1,2010,2011-04-23,Leverkusen,Hoffenheim,2,1,H
1027,D1,2010,2010-09-18,Kaiserslautern,Hoffenheim,2,2,D
1028,D1,2010,2010-12-18,Wolfsburg,Hoffenheim,2,2,D
1029,D1,2010,2011-03-05,M'gladbach,Hoffenheim,2,0,H
1030,D1,2010,2010-08-28,St Pauli,Hoffenheim,0,1,A
1031,D1,2010,2011-02-12,Bayern Munich,Hoffenheim,4,0,H
1032,D1,2010,2010-10-24,Dortmund,Hoffenheim,1,1,D
1033,D1,2010,2011-01-29,Schalke 04,Hoffenheim,0,1,A
1034,D1,2010,2011-01-15,Werder Bremen,Hoffenheim,2,1,H
1035,D1,2010,2011-03-19,Hannover,Hoffenheim,2,0,H
1036,D1,2010,2010-11-06,Hamburg,Hoffenheim,2,1,H
1037,D1,2010,2010-12-04,Stuttgart,Hoffenheim,1,1,D
1038,D1,2010,2010-09-24,FC Koln,Hoffenheim,1,1,D
1039,D1,2010,2011-04-09,Freiburg,Hoffenheim,3,2,H
1040,D1,2010,2010-11-20,Ein Frankfurt,Hoffenheim,0,4,A
1041,D2,2010,2010-11-05,Bochum,Frankfurt FSV,1,0,H
1042,D2,2010,2011-05-08,Augsburg,Frankfurt FSV,2,1,H
1043,D2,2010,2010-09-24,Karlsruhe,Frankfurt FSV,0,2,A
1044,D2,2010,2011-04-10,Union Berlin,Frankfurt FSV,2,0,H
1045,D2,2010,2011-03-04,Hertha,Frankfurt FSV,3,1,H
1046,D2,2010,2010-08-27,Oberhausen,Frankfurt FSV,1,0,H
1047,D2,2010,2011-02-01,Erzgebirge Aue,Frankfurt FSV,3,1,H
1048,D2,2010,2011-03-20,Paderborn,Frankfurt FSV,2,2,D
1049,D2,2010,2010-09-17,Greuther Furth,Frankfurt FSV,1,0,H
1050,D2,2010,2011-04-21,Osnabruck,Frankfurt FSV,1,1,D
1051,D2,2010,2011-01-16,Bielefeld,Frankfurt FSV,1,1,D
1052,D2,2010,2011-01-28,Fortuna Dusseldorf,Frankfurt FSV,6,0,H
1053,D2,2010,2011-02-12,Aachen,Frankfurt FSV,2,1,H
1054,D2,2010,2010-12-03,Duisburg,Frankfurt FSV,1,3,A
1055,D2,2010,2010-10-23,Ingolstadt,Frankfurt FSV,0,1,A
1056,D2,2010,2010-11-21,Munich 1860,Frankfurt FSV,3,3,D
1057,D2,2010,2011-02-25,Cottbus,Frankfurt FSV,2,1,H
1058,D2,2010,2010-09-25,Greuther Furth,Ingolstadt,1,0,H
1059,D2,2010,2010-11-20,Bochum,Ingolstadt,1,4,A
1060,D2,2010,2011-03-11,Frankfurt FSV,Ingolstadt,1,2,A
1061,D2,2010,2010-10-17,Aachen,Ingolstadt,2,1,H
1062,D2,2010,2011-05-08,Munich 1860,Ingolstadt,1,1,D
1063,D2,2010,2010-12-05,Erzgebirge Aue,Ingolstadt,1,1,D
1064,D2,2010,2011-04-24,Union Berlin,Ingolstadt,1,1,D
1065,D2,2010,2011-02-27,Karlsruhe,Ingolstadt,1,4,A
1066,D2,2010,2010-08-28,Duisburg,Ingolstadt,4,1,H
1067,D2,2010,2011-01-28,Oberhausen,Ingolstadt,1,1,D
1068,D2,2010,2010-10-30,Hertha,Ingolstadt,3,1,H
1069,D2,2010,2011-02-13,Fortuna Dusseldorf,Ingolstadt,3,1,H
1070,D2,2010,2010-12-19,Osnabruck,Ingolstadt,2,1,H
1071,D2,2010,2010-09-19,Bielefeld,Ingolstadt,1,0,H
1072,D2,2010,2011-04-10,Paderborn,Ingolstadt,1,1,D
1073,D2,2010,2011-04-01,Cottbus,Ingolstadt,1,2,A
1074,D2,2010,2011-01-16,Augsburg,Ingolstadt,2,0,H
1075,D2,2010,2010-11-26,Bielefeld,Fortuna Dusseldorf,0,2,A
1076,D2,2010,2011-01-23,Hertha,Fortuna Dusseldorf,4,2,H
1077,D2,2010,2010-11-19,Union Berlin,Fortuna Dusseldorf,1,0,H
1078,D2,2010,2010-08-22,Cottbus,Fortuna Dusseldorf,2,0,H
1079,D2,2010,2010-10-02,Osnabruck,Fortuna Dusseldorf,2,3,A
1080,D2,2010,2010-10-24,Paderborn,Fortuna Dusseldorf,3,0,H
1081,D2,2010,2011-04-29,Karlsruhe,Fortuna Dusseldorf,2,2,D
1082,D2,2010,2011-02-07,Munich 1860,Fortuna Dusseldorf,1,1,D
1083,D2,2010,2010-11-05,Erzgebirge Aue,Fortuna Dusseldorf,1,0,H
1084,D2,2010,2011-04-09,Oberhausen,Fortuna Dusseldorf,1,2,A
1085,D2,2010,2010-12-10,Aachen,Fortuna Dusseldorf,0,0,D
1086,D2,2010,2011-03-18,Duisburg,Fortuna Dusseldorf,1,0,H
1087,D2,2010,2010-09-22,Ingolstadt,Fortuna Dusseldorf,3,0,H
1088,D2,2010,2011-02-18,Bochum,Fortuna Dusseldorf,2,0,H
1089,D2,2010,2011-05-15,Greuther Furth,Fortuna Dusseldorf,1,1,D
1090,D2,2010,2010-09-11,Frankfurt FSV,Fortuna Dusseldorf,1,0,H
1091,D2,2010,2011-03-07,Augsburg,Fortuna Dusseldorf,5,2,H
44115,E0,2010,2010-08-14,Aston Villa,West Ham,3,0,H
44116,E0,2010,2010-08-14,Blackburn,Everton,1,0,H
44117,E0,2010,2010-08-14,Bolton,Fulham,0,0,D
44118,E0,2010,2010-08-14,Chelsea,West Brom,6,0,H
44119,E0,2010,2010-08-14,Sunderland,Birmingham,2,2,D
44120,E0,2010,2010-08-14,Tottenham,Man City,0,0,D
44121,E0,2010,2010-08-14,Wigan,Blackpool,0,4,A
44122,E0,2010,2010-08-14,Wolves,Stoke,2,1,H
44123,E0,2010,2010-08-15,Liverpool,Arsenal,1,1,D
44124,E0,2010,2010-08-16,Man United,Newcastle,3,0,H
44125,E0,2010,2010-08-21,Arsenal,Blackpool,6,0,H
44126,E0,2010,2010-08-21,Birmingham,Blackburn,2,1,H
44127,E0,2010,2010-08-21,Everton,Wolves,1,1,D
44128,E0,2010,2010-08-21,Stoke,Tottenham,1,2,A
44129,E0,2010,2010-08-21,West Brom,Sunderland,1,0,H
44130,E0,2010,2010-08-21,West Ham,Bolton,1,3,A
44131,E0,2010,2010-08-21,Wigan,Chelsea,0,6,A
44132,E0,2010,2010-08-22,Fulham,Man United,2,2,D
44133,E0,2010,2010-08-22,Newcastle,Aston Villa,6,0,H
44134,E0,2010,2010-08-23,Man City,Liverpool,3,0,H
44135,E0,2010,2010-08-28,Blackburn,Arsenal,1,2,A
44136,E0,2010,2010-08-28,Blackpool,Fulham,2,2,D
44137,E0,2010,2010-08-28,Chelsea,Stoke,2,0,H
44138,E0,2010,2010-08-28,Man United,West Ham,3,0,H
44139,E0,2010,2010-08-28,Tottenham,Wigan,0,1,A
44140,E0,2010,2010-08-28,Wolves,Newcastle,1,1,D
44141,E0,2010,2010-08-29,Aston Villa,Everton,1,0,H
44142,E0,2010,2010-08-29,Bolton,Birmingham,2,2,D
44143,E0,2010,2010-08-29,Liverpool,West Brom,1,0,H
44144,E0,2010,2010-08-29,Sunderland,Man City,1,0,H
44145,E0,2010,2010-09-11,Arsenal,Bolton,4,1,H
44146,E0,2010,2010-09-11,Everton,Man United,3,3,D
44147,E0,2010,2010-09-11,Fulham,Wolves,2,1,H
44148,E0,2010,2010-09-11,Man City,Blackburn,1,1,D
44149,E0,2010,2010-09-11,Newcastle,Blackpool,0,2,A
44150,E0,2010,2010-09-11,West Brom,Tottenham,1,1,D
44151,E0,2010,2010-09-11,West Ham,Chelsea,1,3,A
44152,E0,2010,2010-09-11,Wigan,Sunderland,1,1,D
44153,E0,2010,2010-09-12,Birmingham,Liverpool,0,0,D
44154,E0,2010,2010-09-13,Stoke,Aston Villa,2,1,H
44155,E0,2010,2010-09-18,Aston Villa,Bolton,1,1,D
44156,E0,2010,2010-09-18,Blackburn,Fulham,1,1,D
44157,E0,2010,2010-09-18,Everton,Newcastle,0,1,A
44158,E0,2010,2010-09-18,Stoke,West Ham,1,1,D
44159,E0,2010,2010-09-18,Sunderland,Arsenal,1,1,D
44160,E0,2010,2010-09-18,Tottenham,Wolves,3,1,H
44161,E0,2010,2010-09-18,West Brom,Birmingham,3,1,H
44162,E0,2010,2010-09-19,Chelsea,Blackpool,4,0,H
44163,E0,2010,2010-09-19,Man United,Liverpool,3,2,H
44164,E0,2010,2010-09-19,Wigan,Man City,0,2,A
44165,E0,2010,2010-09-25,Arsenal,West Brom,2,3,A
44166,E0,2010,2010-09-25,Birmingham,Wigan,0,0,D
44167,E0,2010,2010-09-25,Blackpool,Blackburn,1,2,A
44168,E0,2010,2010-09-25,Fulham,Everton,0,0,D
44169,E0,2010,2010-09-25,Liverpool,Sunderland,2,2,D
44170,E0,2010,2010-09-25,Man City,Chelsea,1,0,H
44171,E0,2010,2010-09-25,West Ham,Tottenham,1,0,H
44172,E0,2010,2010-09-26,Bolton,Man United,2,2,D
44173,E0,2010,2010-09-26,Newcastle,Stoke,1,2,A
44174,E0,2010,2010-09-26,Wolves,Aston Villa,1,2,A
44175,E0,2010,2010-10-02,Birmingham,Everton,0,2,A
44176,E0,2010,2010-10-02,Stoke,Blackburn,1,0,H
44177,E0,2010,2010-10-02,Sunderland,Man United,0,0,D
44178,E0,2010,2010-10-02,Tottenham,Aston Villa,2,1,H
44179,E0,2010,2010-10-02,West Brom,Bolton,1,1,D
44180,E0,2010,2010-10-02,West Ham,Fulham,1,1,D
44181,E0,2010,2010-10-02,Wigan,Wolves,2,0,H
44182,E0,2010,2010-10-03,Chelsea,Arsenal,2,0,H
44183,E0,2010,2010-10-03,Liverpool,Blackpool,1,2,A
44184,E0,2010,2010-10-03,Man City,Newcastle,2,1,H
44185,E0,2010,2010-10-16,Arsenal,Birmingham,2,1,H
44186,E0,2010,2010-10-16,Aston Villa,Chelsea,0,0,D
44187,E0,2010,2010-10-16,Bolton,Stoke,2,1,H
44188,E0,2010,2010-10-16,Fulham,Tottenham,1,2,A
44189,E0,2010,2010-10-16,Man United,West Brom,2,2,D
44190,E0,2010,2010-10-16,Newcastle,Wigan,2,2,D
44191,E0,2010,2010-10-16,Wolves,West Ham,1,1,D
44192,E0,2010,2010-10-17,Blackpool,Man City,2,3,A
44193,E0,2010,2010-10-17,Everton,Liverpool,2,0,H
44194,E0,2010,2010-10-18,Blackburn,Sunderland,0,0,D
44195,E0,2010,2010-10-23,Birmingham,Blackpool,2,0,H
44196,E0,2010,2010-10-23,Chelsea,Wolves,2,0,H
44197,E0,2010,2010-10-23,Sunderland,Aston Villa,1,0,H
44198,E0,2010,2010-10-23,Tottenham,Everton,1,1,D
44199,E0,2010,2010-10-23,West Brom,Fulham,2,1,H
44200,E0,2010,2010-10-23,West Ham,Newcastle,1,2,A
44201,E0,2010,2010-10-23,Wigan,Bolton,1,1,D
44202,E0,2010,2010-10-24,Liverpool,Blackburn,2,1,H
44203,E0,2010,2010-10-24,Man City,Arsenal,0,3,A
44204,E0,2010,2010-10-24,Stoke,Man United,1,2,A
44205,E0,2010,2010-10-30,Arsenal,West Ham,1,0,H
44206,E0,2010,2010-10-30,Blackburn,Chelsea,1,2,A
44207,E0,2010,2010-10-30,Everton,Stoke,1,0,H
44208,E0,2010,2010-10-30,Fulham,Wigan,2,0,H
44209,E0,2010,2010-10-30,Man United,Tottenham,2,0,H
44210,E0,2010,2010-10-30,Wolves,Man City,2,1,H
44211,E0,2010,2010-10-31,Aston Villa,Birmingham,0,0,D
44212,E0,2010,2010-10-31,Bolton,Liverpool,0,1,A
44213,E0,2010,2010-10-31,Newcastle,Sunderland,5,1,H
44214,E0,2010,2010-11-01,Blackpool,West Brom,2,1,H
44215,E0,2010,2010-11-06,Birmingham,West Ham,2,2,D
44216,E0,2010,2010-11-06,Blackburn,Wigan,2,1,H
44217,E0,2010,2010-11-06,Blackpool,Everton,2,2,D
44218,E0,2010,2010-11-06,Bolton,Tottenham,4,2,H
44219,E0,2010,2010-11-06,Fulham,Aston Villa,1,1,D
44220,E0,2010,2010-11-06,Man United,Wolves,2,1,H
44221,E0,2010,2010-11-06,Sunderland,Stoke,2,0,H
44222,E0,2010,2010-11-07,Arsenal,Newcastle,0,1,A
44223,E0,2010,2010-11-07,Liverpool,Chelsea,2,0,H
44224,E0,2010,2010-11-07,West Brom,Man City,0,2,A
44225,E0,2010,2010-11-09,Stoke,Birmingham,3,2,H
44226,E0,2010,2010-11-09,Tottenham,Sunderland,1,1,D
44227,E0,2010,2010-11-10,Aston Villa,Blackpool,3,2,H
44228,E0,2010,2010-11-10,Chelsea,Fulham,1,0,H
44229,E0,2010,2010-11-10,Everton,Bolton,1,1,D
44230,E0,2010,2010-11-10,Man City,Man United,0,0,D
44231,E0,2010,2010-11-10,Newcastle,Blackburn,1,2,A
44232,E0,2010,2010-11-10,West Ham,West Brom,2,2,D
44233,E0,2010,2010-11-10,Wigan,Liverpool,1,1,D
44234,E0,2010,2010-11-10,Wolves,Arsenal,0,2,A
44235,E0,2010,2010-11-13,Aston Villa,Man United,2,2,D
44236,E0,2010,2010-11-13,Man City,Birmingham,0,0,D
44237,E0,2010,2010-11-13,Newcastle,Fulham,0,0,D
44238,E0,2010,2010-11-13,Stoke,Liverpool,2,0,H
44239,E0,2010,2010-11-13,Tottenham,Blackburn,4,2,H
44240,E0,2010,2010-11-13,West Ham,Blackpool,0,0,D
44241,E0,2010,2010-11-13,Wigan,West Brom,1,0,H
44242,E0,2010,2010-11-13,Wolves,Bolton,2,3,A
44243,E0,2010,2010-11-14,Chelsea,Sunderland,0,3,A
44244,E0,2010,2010-11-14,Everton,Arsenal,1,2,A
44245,E0,2010,2010-11-20,Arsenal,Tottenham,2,3,A
44246,E0,2010,2010-11-20,Birmingham,Chelsea,1,0,H
44247,E0,2010,2010-11-20,Blackpool,Wolves,2,1,H
44248,E0,2010,2010-11-20,Bolton,Newcastle,5,1,H
44249,E0,2010,2010-11-20,Liverpool,West Ham,3,0,H
44250,E0,2010,2010-11-20,Man United,Wigan,2,0,H
44251,E0,2010,2010-11-20,West Brom,Stoke,0,3,A
44252,E0,2010,2010-11-21,Blackburn,Aston Villa,2,0,H
44253,E0,2010,2010-11-21,Fulham,Man City,1,4,A
44254,E0,2010,2010-11-22,Sunderland,Everton,2,2,D
44255,E0,2010,2010-11-27,Aston Villa,Arsenal,2,4,A
44256,E0,2010,2010-11-27,Bolton,Blackpool,2,2,D
44257,E0,2010,2010-11-27,Everton,West Brom,1,4,A
44258,E0,2010,2010-11-27,Fulham,Birmingham,1,1,D
44259,E0,2010,2010-11-27,Man United,Blackburn,7,1,H
44260,E0,2010,2010-11-27,Stoke,Man City,1,1,D
44261,E0,2010,2010-11-27,West Ham,Wigan,3,1,H
44262,E0,2010,2010-11-27,Wolves,Sunderland,3,2,H
44263,E0,2010,2010-11-28,Newcastle,Chelsea,1,1,D
44264,E0,2010,2010-11-28,Tottenham,Liverpool,2,1,H
44265,E0,2010,2010-12-04,Arsenal,Fulham,2,1,H
44266,E0,2010,2010-12-04,Birmingham,Tottenham,1,1,D
44267,E0,2010,2010-12-04,Blackburn,Wolves,3,0,H
44268,E0,2010,2010-12-04,Chelsea,Everton,1,1,D
44269,E0,2010,2010-12-04,Man City,Bolton,1,0,H
44270,E0,2010,2010-12-04,Wigan,Stoke,2,2,D
44271,E0,2010,2010-12-05,Sunderland,West Ham,1,0,H
44272,E0,2010,2010-12-05,West Brom,Newcastle,3,1,H
44273,E0,2010,2010-12-06,Liverpool,Aston Villa,3,0,H
44274,E0,2010,2010-12-11,Aston Villa,West Brom,2,1,H
44275,E0,2010,2010-12-11,Everton,Wigan,0,0,D
44276,E0,2010,2010-12-11,Fulham,Sunderland,0,0,D
44277,E0,2010,2010-12-11,Newcastle,Liverpool,3,1,H
44278,E0,2010,2010-12-11,Stoke,Blackpool,0,1,A
44279,E0,2010,2010-12-11,West Ham,Man City,1,3,A
44280,E0,2010,2010-12-12,Bolton,Blackburn,2,1,H
44281,E0,2010,2010-12-12,Tottenham,Chelsea,1,1,D
44282,E0,2010,2010-12-12,Wolves,Birmingham,1,0,H
44283,E0,2010,2010-12-13,Man United,Arsenal,1,0,H
44284,E0,2010,2010-12-18,Blackburn,West Ham,1,1,D
44285,E0,2010,2010-12-18,Sunderland,Bolton,1,0,H
44286,E0,2010,2010-12-20,Man City,Everton,1,2,A
44287,E0,2010,2010-12-26,Aston Villa,Tottenham,1,2,A
44288,E0,2010,2010-12-26,Blackburn,Stoke,0,2,A
44289,E0,2010,2010-12-26,Bolton,West Brom,2,0,H
44290,E0,2010,2010-12-26,Fulham,West Ham,1,3,A
44291,E0,2010,2010-12-26,Man United,Sunderland,2,0,H
44292,E0,2010,2010-12-26,Newcastle,Man City,1,3,A
44293,E0,2010,2010-12-26,Wolves,Wigan,1,2,A
44294,E0,2010,2010-12-27,Arsenal,Chelsea,3,1,H
44295,E0,2010,2010-12-28,Birmingham,Man United,1,1,D
44296,E0,2010,2010-12-28,Man City,Aston Villa,4,0,H
44297,E0,2010,2010-12-28,Stoke,Fulham,0,2,A
44298,E0,2010,2010-12-28,Sunderland,Blackpool,0,2,A
44299,E0,2010,2010-12-28,Tottenham,Newcastle,2,0,H
44300,E0,2010,2010-12-28,West Brom,Blackburn,1,3,A
44301,E0,2010,2010-12-28,West Ham,Everton,1,1,D
44302,E0,2010,2010-12-29,Chelsea,Bolton,1,0,H
44303,E0,2010,2010-12-29,Liverpool,Wolves,0,1,A
44304,E0,2010,2010-12-29,Wigan,Arsenal,2,2,D
44305,E0,2010,2011-01-01,Birmingham,Arsenal,0,3,A
44306,E0,2010,2011-01-01,Liverpool,Bolton,2,1,H
44307,E0,2010,2011-01-01,Man City,Blackpool,1,0,H
44308,E0,2010,2011-01-01,Stoke,Everton,2,0,H
44309,E0,2010,2011-01-01,Sunderland,Blackburn,3,0,H
44310,E0,2010,2011-01-01,Tottenham,Fulham,1,0,H
44311,E0,2010,2011-01-01,West Brom,Man United,1,2,A
44312,E0,2010,2011-01-01,West Ham,Wolves,2,0,H
44313,E0,2010,2011-01-02,Chelsea,Aston Villa,3,3,D
44314,E0,2010,2011-01-02,Wigan,Newcastle,0,1,A
44315,E0,2010,2011-01-04,Blackpool,Birmingham,1,2,A
44316,E0,2010,2011-01-04,Fulham,West Brom,3,0,H
44317,E0,2010,2011-01-04,Man United,Stoke,2,1,H
44318,E0,2010,2011-01-05,Arsenal,Man City,0,0,D
44319,E0,2010,2011-01-05,Aston Villa,Sunderland,0,1,A
44320,E0,2010,2011-01-05,Blackburn,Liverpool,3,1,H
44321,E0,2010,2011-01-05,Bolton,Wigan,1,1,D
44322,E0,2010,2011-01-05,Everton,Tottenham,2,1,H
44323,E0,2010,2011-01-05,Newcastle,West Ham,5,0,H
44324,E0,2010,2011-01-05,Wolves,Chelsea,1,0,H
44325,E0,2010,2011-01-12,Blackpool,Liverpool,2,1,H
44326,E0,2010,2011-01-15,Chelsea,Blackburn,2,0,H
44327,E0,2010,2011-01-15,Man City,Wolves,4,3,H
44328,E0,2010,2011-01-15,Stoke,Bolton,2,0,H
44329,E0,2010,2011-01-15,West Brom,Blackpool,3,2,H
44330,E0,2010,2011-01-15,West Ham,Arsenal,0,3,A
44331,E0,2010,2011-01-15,Wigan,Fulham,1,1,D
44332,E0,2010,2011-01-16,Birmingham,Aston Villa,1,1,D
44333,E0,2010,2011-01-16,Liverpool,Everton,2,2,D
44334,E0,2010,2011-01-16,Sunderland,Newcastle,1,1,D
44335,E0,2010,2011-01-16,Tottenham,Man United,0,0,D
44336,E0,2010,2011-01-22,Arsenal,Wigan,3,0,H
44337,E0,2010,2011-01-22,Aston Villa,Man City,1,0,H
44338,E0,2010,2011-01-22,Blackpool,Sunderland,1,2,A
44339,E0,2010,2011-01-22,Everton,West Ham,2,2,D
44340,E0,2010,2011-01-22,Fulham,Stoke,2,0,H
44341,E0,2010,2011-01-22,Man United,Birmingham,5,0,H
44342,E0,2010,2011-01-22,Newcastle,Tottenham,1,1,D
44343,E0,2010,2011-01-22,Wolves,Liverpool,0,3,A
44344,E0,2010,2011-01-23,Blackburn,West Brom,2,0,H
44345,E0,2010,2011-01-24,Bolton,Chelsea,0,4,A
44346,E0,2010,2011-01-25,Blackpool,Man United,2,3,A
44347,E0,2010,2011-01-25,Wigan,Aston Villa,1,2,A
44348,E0,2010,2011-01-26,Liverpool,Fulham,1,0,H
44349,E0,2010,2011-02-01,Arsenal,Everton,2,1,H
44350,E0,2010,2011-02-01,Man United,Aston Villa,3,1,H
44351,E0,2010,2011-02-01,Sunderland,Chelsea,2,4,A
44352,E0,2010,2011-02-01,West Brom,Wigan,2,2,D
44353,E0,2010,2011-02-02,Birmingham,Man City,2,2,D
44354,E0,2010,2011-02-02,Blackburn,Tottenham,0,1,A
44355,E0,2010,2011-02-02,Blackpool,West Ham,1,3,A
44356,E0,2010,2011-02-02,Bolton,Wolves,1,0,H
44357,E0,2010,2011-02-02,Fulham,Newcastle,1,0,H
44358,E0,2010,2011-02-02,Liverpool,Stoke,2,0,H
44359,E0,2010,2011-02-05,Aston Villa,Fulham,2,2,D
44360,E0,2010,2011-02-05,Everton,Blackpool,5,3,H
44361,E0,2010,2011-02-05,Man City,West Brom,3,0,H
44362,E0,2010,2011-02-05,Newcastle,Arsenal,4,4,D
44363,E0,2010,2011-02-05,Stoke,Sunderland,3,2,H
44364,E0,2010,2011-02-05,Tottenham,Bolton,2,1,H
44365,E0,2010,2011-02-05,Wigan,Blackburn,4,3,H
44366,E0,2010,2011-02-05,Wolves,Man United,2,1,H
44367,E0,2010,2011-02-06,Chelsea,Liverpool,0,1,A
44368,E0,2010,2011-02-06,West Ham,Birmingham,0,1,A
44369,E0,2010,2011-02-12,Arsenal,Wolves,2,0,H
44370,E0,2010,2011-02-12,Birmingham,Stoke,1,0,H
44371,E0,2010,2011-02-12,Blackburn,Newcastle,0,0,D
44372,E0,2010,2011-02-12,Blackpool,Aston Villa,1,1,D
44373,E0,2010,2011-02-12,Liverpool,Wigan,1,1,D
44374,E0,2010,2011-02-12,Man United,Man City,2,1,H
44375,E0,2010,2011-02-12,Sunderland,Tottenham,1,2,A
44376,E0,2010,2011-02-12,West Brom,West Ham,3,3,D
44377,E0,2010,2011-02-13,Bolton,Everton,2,0,H
44378,E0,2010,2011-02-14,Fulham,Chelsea,0,0,D
44379,E0,2010,2011-02-15,Birmingham,Newcastle,0,2,A
44380,E0,2010,2011-02-20,West Brom,Wolves,1,1,D
44381,E0,2010,2011-02-22,Blackpool,Tottenham,3,1,H
44382,E0,2010,2011-02-23,Arsenal,Stoke,1,0,H
44383,E0,2010,2011-02-26,Aston Villa,Blackburn,4,1,H
44384,E0,2010,2011-02-26,Everton,Sunderland,2,0,H
44385,E0,2010,2011-02-26,Newcastle,Bolton,1,1,D
44386,E0,2010,2011-02-26,Wigan,Man United,0,4,A
44387,E0,2010,2011-02-26,Wolves,Blackpool,4,0,H
44388,E0,2010,2011-02-27,Man City,Fulham,1,1,D
44389,E0,2010,2011-02-27,West Ham,Liverpool,3,1,H
44390,E0,2010,2011-02-28,Stoke,West Brom,1,1,D
44391,E0,2010,2011-03-01,Chelsea,Man United,2,1,H
44392,E0,2010,2011-03-05,Arsenal,Sunderland,0,0,D
44393,E0,2010,2011-03-05,Birmingham,West Brom,1,3,A
44394,E0,2010,2011-03-05,Bolton,Aston Villa,3,2,H
44395,E0,2010,2011-03-05,Fulham,Blackburn,3,2,H
44396,E0,2010,2011-03-05,Man City,Wigan,1,0,H
44397,E0,2010,2011-03-05,Newcastle,Everton,1,2,A
44398,E0,2010,2011-03-05,West Ham,Stoke,3,0,H
44399,E0,2010,2011-03-06,Liverpool,Man United,3,1,H
44400,E0,2010,2011-03-06,Wolves,Tottenham,3,3,D
44401,E0,2010,2011-03-07,Blackpool,Chelsea,1,3,A
44402,E0,2010,2011-03-09,Everton,Birmingham,1,1,D
44403,E0,2010,2011-03-19,Aston Villa,Wolves,0,1,A
44404,E0,2010,2011-03-19,Blackburn,Blackpool,2,2,D
44405,E0,2010,2011-03-19,Everton,Fulham,2,1,H
44406,E0,2010,2011-03-19,Man United,Bolton,1,0,H
44407,E0,2010,2011-03-19,Stoke,Newcastle,4,0,H
44408,E0,2010,2011-03-19,Tottenham,West Ham,0,0,D
44409,E0,2010,2011-03-19,West Brom,Arsenal,2,2,D
44410,E0,2010,2011-03-19,Wigan,Birmingham,2,1,H
44411,E0,2010,2011-03-20,Chelsea,Man City,2,0,H
44412,E0,2010,2011-03-20,Sunderland,Liverpool,0,2,A
44413,E0,2010,2011-04-02,Arsenal,Blackburn,0,0,D
44414,E0,2010,2011-04-02,Birmingham,Bolton,2,1,H
44415,E0,2010,2011-04-02,Everton,Aston Villa,2,2,D
44416,E0,2010,2011-04-02,Newcastle,Wolves,4,1,H
44417,E0,2010,2011-04-02,Stoke,Chelsea,1,1,D
44418,E0,2010,2011-04-02,West Brom,Liverpool,2,1,H
44419,E0,2010,2011-04-02,West Ham,Man United,2,4,A
44420,E0,2010,2011-04-02,Wigan,Tottenham,0,0,D
44421,E0,2010,2011-04-03,Fulham,Blackpool,3,0,H
44422,E0,2010,2011-04-03,Man City,Sunderland,5,0,H
44423,E0,2010,2011-04-09,Blackburn,Birmingham,1,1,D
44424,E0,2010,2011-04-09,Bolton,West Ham,3,0,H
44425,E0,2010,2011-04-09,Chelsea,Wigan,1,0,H
44426,E0,2010,2011-04-09,Man United,Fulham,2,0,H
44427,E0,2010,2011-04-09,Sunderland,West Brom,2,3,A
44428,E0,2010,2011-04-09,Tottenham,Stoke,3,2,H
44429,E0,2010,2011-04-09,Wolves,Everton,0,3,A
44430,E0,2010,2011-04-10,Aston Villa,Newcastle,1,0,H
44431,E0,2010,2011-04-10,Blackpool,Arsenal,1,3,A
44432,E0,2010,2011-04-11,Liverpool,Man City,3,0,H
44433,E0,2010,2011-04-16,Birmingham,Sunderland,2,0,H
44434,E0,2010,2011-04-16,Blackpool,Wigan,1,3,A
44435,E0,2010,2011-04-16,Everton,Blackburn,2,0,H
44436,E0,2010,2011-04-16,West Brom,Chelsea,1,3,A
44437,E0,2010,2011-04-16,West Ham,Aston Villa,1,2,A
44438,E0,2010,2011-04-17,Arsenal,Liverpool,1,1,D
44439,E0,2010,2011-04-19,Newcastle,Man United,0,0,D
44440,E0,2010,2011-04-20,Chelsea,Birmingham,3,1,H
44441,E0,2010,2011-04-20,Tottenham,Arsenal,3,3,D
44442,E0,2010,2011-04-23,Aston Villa,Stoke,1,1,D
44443,E0,2010,2011-04-23,Blackpool,Newcastle,1,1,D
44444,E0,2010,2011-04-23,Chelsea,West Ham,3,0,H
44445,E0,2010,2011-04-23,Liverpool,Birmingham,5,0,H
44446,E0,2010,2011-04-23,Man United,Everton,1,0,H
44447,E0,2010,2011-04-23,Sunderland,Wigan,4,2,H
44448,E0,2010,2011-04-23,Tottenham,West Brom,2,2,D
44449,E0,2010,2011-04-23,Wolves,Fulham,1,1,D
44450,E0,2010,2011-04-24,Bolton,Arsenal,2,1,H
44451,E0,2010,2011-04-25,Blackburn,Man City,0,1,A
44452,E0,2010,2011-04-26,Stoke,Wolves,3,0,H
44453,E0,2010,2011-04-27,Fulham,Bolton,3,0,H
44454,E0,2010,2011-04-30,Blackburn,Bolton,1,0,H
44455,E0,2010,2011-04-30,Blackpool,Stoke,0,0,D
44456,E0,2010,2011-04-30,Chelsea,Tottenham,2,1,H
44457,E0,2010,2011-04-30,Sunderland,Fulham,0,3,A
44458,E0,2010,2011-04-30,West Brom,Aston Villa,2,1,H
44459,E0,2010,2011-04-30,Wigan,Everton,1,1,D
44460,E0,2010,2011-05-01,Arsenal,Man United,1,0,H
44461,E0,2010,2011-05-01,Birmingham,Wolves,1,1,D
44462,E0,2010,2011-05-01,Liverpool,Newcastle,3,0,H
44463,E0,2010,2011-05-01,Man City,West Ham,2,1,H
44464,E0,2010,2011-05-07,Aston Villa,Wigan,1,1,D
44465,E0,2010,2011-05-07,Bolton,Sunderland,1,2,A
44466,E0,2010,2011-05-07,Everton,Man City,2,1,H
44467,E0,2010,2011-05-07,Newcastle,Birmingham,2,1,H
44468,E0,2010,2011-05-07,Tottenham,Blackpool,1,1,D
44469,E0,2010,2011-05-07,West Ham,Blackburn,1,1,D
44470,E0,2010,2011-05-08,Man United,Chelsea,2,1,H
44471,E0,2010,2011-05-08,Stoke,Arsenal,3,1,H
44472,E0,2010,2011-05-08,Wolves,West Brom,3,1,H
44473,E0,2010,2011-05-09,Fulham,Liverpool,2,5,A
44474,E0,2010,2011-05-10,Man City,Tottenham,1,0,H
44475,E0,2010,2011-05-14,Blackburn,Man United,1,1,D
44476,E0,2010,2011-05-14,Blackpool,Bolton,4,3,H
44477,E0,2010,2011-05-14,Sunderland,Wolves,1,3,A
44478,E0,2010,2011-05-14,West Brom,Everton,1,0,H
44479,E0,2010,2011-05-15,Arsenal,Aston Villa,1,2,A
44480,E0,2010,2011-05-15,Birmingham,Fulham,0,2,A
44481,E0,2010,2011-05-15,Chelsea,Newcastle,2,2,D
44482,E0,2010,2011-05-15,Liverpool,Tottenham,0,2,A
44483,E0,2010,2011-05-15,Wigan,West Ham,3,2,H
44484,E0,2010,2011-05-17,Man City,Stoke,3,0,H
44485,E0,2010,2011-05-22,Aston Villa,Liverpool,1,0,H
44486,E0,2010,2011-05-22,Bolton,Man City,0,2,A
44487,E0,2010,2011-05-22,Everton,Chelsea,1,0,H
44488,E0,2010,2011-05-22,Fulham,Arsenal,2,2,D
44489,E0,2010,2011-05-22,Man United,Blackpool,4,2,H
44490,E0,2010,2011-05-22,Newcastle,West Brom,3,3,D
44491,E0,2010,2011-05-22,Stoke,Wigan,0,1,A
44492,E0,2010,2011-05-22,Tottenham,Birmingham,2,1,H
44493,E0,2010,2011-05-22,West Ham,Sunderland,0,3,A
44494,E0,2010,2011-05-22,Wolves,Blackburn,2,3,A
